longname,glot_fam,Antepenultimate,Initial,Penultimate,Second,Third,Ultimate,LeftEdge,LeftOriented,NotPredictable,RightEdge,RightOriented,Unbounded
NWC.NORTHWEST_CAUCASIAN.ABKHAZ,Abkhaz-Adyge,0,0,0,0,0,0,0,0,1,0,0,0
An.MALAYO_SUMBAWAN.ACEH,Austronesian,0,0,0,0,0,1,0,0,0,0,0,0
Arw.INLAND_NORTHERN_ARAWAKAN.ACHAGUA,Arawakan,0,1,0,0,0,0,0,0,0,0,0,0
May.MAYAN.AGUACATEC,Mayan,0,0,0,0,0,0,0,0,0,0,0,1
May.MAYAN.AGUACATECO_AGUACATAN,Mayan,0,0,0,0,0,0,0,0,0,0,0,1
An.GREATER_CENTRAL_PHILIPPINE.AKLANON,Austronesian,0,0,0,0,0,0,0,0,0,1,0,0
Sep.SEPIK_HILL.ALAMBLAK,Sepik,0,0,0,0,0,0,0,0,0,0,1,1
MM.ALAWA.ALAWA,Mangarrayi-Maran,0,0,1,0,0,0,0,0,0,0,0,0
An.CENTRAL_MALAYO_POLYNESIAN.ALUNE,Austronesian,0,0,1,0,0,0,0,0,0,0,0,0
PN.CENTRAL_PAMA_NYUNGAN.ALYAWARRA,Pama-Nyungan,0,0,0,1,0,0,0,0,0,0,0,0
PN.CENTRAL_PAMA_NYUNGAN.ALYAWARR_ALYAWARA,Pama-Nyungan,0,0,0,1,0,0,0,0,0,0,0,0
PN.CENTRAL_PAMA_NYUNGAN.ALYAWARR_MACDONALDDOWNS_ALYAWARA,Pama-Nyungan,0,0,0,1,0,0,0,0,0,0,0,0
AA.SEMITIC.AMEDYA_ARAMAIC,Afro-Asiatic,0,0,1,0,0,0,0,0,0,0,0,0
TNG.MADANG.AMELE,Nuclear_Trans_New_Guinea,0,0,0,0,0,0,0,0,0,0,0,1
MGe.GE_KAINGANG.APANIEKRA,Nuclear-Macro-Je,0,0,0,0,0,1,0,0,0,0,0,0
Arw.PURUS.APURINA,Arawakan,0,0,0,0,0,0,0,0,0,1,0,0
AA.SEMITIC.ARABIC_GULF_SPOKEN,Afro-Asiatic,0,0,0,0,0,0,0,0,0,1,0,0
AA.SEMITIC.ARABIC_LIBYAN_SPOKEN,Afro-Asiatic,0,0,0,0,0,0,0,0,0,0,1,0
AA.SEMITIC.ARABIC_NORTH_LEVANTINE_SPOKEN,Afro-Asiatic,0,0,0,0,0,0,0,0,0,0,1,0
An.SOUTH_SULAWESI.ARALLE,Austronesian,0,0,1,0,0,0,0,0,0,0,0,0
Tac.TACANAN.ARAONA,Pano-Tacanan,0,0,0,1,0,0,0,0,0,0,0,0
NDa.LEZGIC.ARCHI,Nakh-Daghestanian,0,0,0,0,0,0,1,0,0,0,0,0
NDa.LEZGIC.ARCHI_2,Nakh-Daghestanian,0,0,0,0,0,0,1,0,0,0,0,0
An.OCEANIC.AROSI_TAWATANA,Austronesian,0,1,0,0,0,0,0,0,0,0,0,0
PN.CENTRAL_PAMA_NYUNGAN.ARRARNTA_WESTERN,Pama-Nyungan,0,0,0,1,0,0,0,0,0,0,0,0
Arw.PRE_ANDINE_ARAWAKAN.ASHENINKA_PAJONAL,Arawakan,0,0,0,0,0,0,0,0,1,0,0,0
AA.SEMITIC.ASSYRIAN_NEO_ARAMAIC,Afro-Asiatic,0,0,1,0,0,0,0,0,0,0,0,0
Que.QUECHUAN.ATALLA,Quechuan,0,0,1,0,0,0,0,0,0,0,0,0
Tor.WAPEI_PALEI.AU,Nuclear_Torricelli,0,0,0,0,0,0,0,0,0,0,0,1
NDa.AVAR_ANDIC_TSEZIC.AVAR,Nakh-Daghestanian,0,0,0,0,0,0,1,0,0,0,0,0
NDa.AVAR_ANDIC_TSEZIC.AVAR_ANDALAL,Nakh-Daghestanian,0,0,0,0,0,0,1,0,0,0,0,0
NDa.AVAR_ANDIC_TSEZIC.AVAR_ANTSUKH,Nakh-Daghestanian,0,0,0,0,0,0,1,0,0,0,0,0
NDa.AVAR_ANDIC_TSEZIC.AVAR_BATLUKH,Nakh-Daghestanian,0,0,0,0,0,0,1,0,0,0,0,0
NDa.AVAR_ANDIC_TSEZIC.AVAR_HID,Nakh-Daghestanian,0,0,0,0,0,0,1,0,0,0,0,0
NDa.AVAR_ANDIC_TSEZIC.AVAR_KARAKH,Nakh-Daghestanian,0,0,0,0,0,0,1,0,0,0,0,0
NDa.AVAR_ANDIC_TSEZIC.AVAR_KUSUR,Nakh-Daghestanian,0,0,0,0,0,0,1,0,0,0,0,0
NDa.AVAR_ANDIC_TSEZIC.AVAR_ZAKATALY,Nakh-Daghestanian,0,0,0,0,0,0,1,0,0,0,0,0
Sep.RAM.AWTUW,Sepik,0,0,1,0,0,0,0,0,0,0,0,0
AA.BERBER.AYT_SEGHROUCHEN,Afro-Asiatic,0,0,0,0,0,1,0,0,0,0,0,0
PN.WESTERN_PAMA_NYUNGAN.BADIMAYA,Pama-Nyungan,0,1,0,0,0,0,0,0,0,0,0,0
CSu.BONGO_BAGIRMI.BAGIRMI,Central_Sudanic,0,0,0,0,0,1,0,0,0,0,0,0
NDa.AVAR_ANDIC_TSEZIC.BAGWALAL,Nakh-Daghestanian,0,0,0,0,0,0,0,0,0,1,0,0
An.SAMA_BAJAW.BALANGINGI_SAMA,Austronesian,0,0,1,0,0,0,0,0,0,0,0,0
IE.ROMANCE.BALEAR_CATALAN,Indo-European,0,0,0,0,0,0,0,0,0,1,0,0
An.MALAYO_SUMBAWAN.BALI,Austronesian,0,0,0,0,0,1,0,0,0,0,0,0
Aru.ARAUAN.BANAWA,Arawan,0,0,0,0,0,0,0,0,0,1,0,0
An.CELEBIC.BANGGAI,Austronesian,0,0,0,0,0,0,0,0,0,1,0,0
PN.CENTRAL_PAMA_NYUNGAN.BANGGARLA,Pama-Nyungan,1,0,0,0,0,0,0,0,0,0,0,0
An.ENGGANO.BANJAR_SARI_ENGGANO,Austronesian,0,0,1,0,0,0,0,0,0,0,0,0
IE.IRANIAN.BANNU_PASHTO,Indo-European,0,0,0,0,0,0,0,0,1,0,0,0
An.SANGIRIC.BANTIK,Austronesian,0,0,1,0,0,0,0,0,0,0,0,0
Arw.INLAND_NORTHERN_ARAWAKAN.BARE,Arawakan,0,0,1,0,0,0,0,0,0,0,0,0
An.CELEBIC.BAREE,Austronesian,0,0,1,0,0,0,0,0,0,0,0,0
Alt.TURKIC.BASHKIR,Turkic,0,0,0,0,0,1,0,0,0,0,0,0
Bas.BASQUE.BASQUE,Basque,0,1,1,1,0,0,1,0,1,1,0,0
AA.BEJA.BEJA,Afro-Asiatic,0,0,0,0,0,0,0,0,0,0,1,0
AA.BEJA.BEJA_2,Afro-Asiatic,0,0,0,0,0,0,0,0,0,0,1,0
An.LAMPUNGIC.BELALAU_LAMPUNG_API,Austronesian,0,0,0,0,0,1,0,0,0,0,0,0
IE.INDIC.BENGALI,Indo-European,0,1,0,0,0,0,0,0,0,0,0,0
IE.INDIC.BHOIPURI,Indo-European,0,0,0,0,0,0,0,0,0,0,1,0
IE.INDIC.BHOJPURI,Indo-European,0,0,0,0,0,0,0,0,0,0,1,0
An.SOUTH_HALMAHERA_WEST_NEW_GUINEA.BIAK,Austronesian,0,0,1,0,0,0,0,0,0,0,0,0
An.SOUTH_HALMAHERA_WEST_NEW_GUINEA.BIAK_2,Austronesian,0,0,1,0,0,0,0,0,0,0,0,0
An.OCEANIC.BIG_NAMBAS_LEVIAMP,Austronesian,0,0,1,0,0,0,0,0,0,0,0,0
An.OCEANIC.BIG_NAMBAS_UNMET,Austronesian,0,0,1,0,0,0,0,0,0,0,0,0
An.CENTRAL_MALAYO_POLYNESIAN.BIMA,Austronesian,0,0,1,0,0,0,0,0,0,0,0,0
IE.GERMANIC.BRABANTIC,Indo-European,0,0,0,0,0,0,0,0,0,0,1,0
IE.CELTIC.BRETON,Indo-European,0,0,1,0,0,0,0,0,0,0,0,0
Gun.GUNWINYGIC.BUAN,Gunwinyguan,0,0,1,0,0,0,0,0,0,0,0,0
An.SOUTH_SULAWESI.BUGINESE,Austronesian,0,0,1,0,0,0,0,0,0,0,0,0
An.LAND_DAYAK.BUKAR_SADONG_BIDAYUH,Austronesian,0,0,0,0,0,1,0,0,0,0,0,0
Tor.KOMBIO_ARAPESH.BUKIYIP,Nuclear_Torricelli,0,0,1,0,0,0,0,0,0,0,0,0
An.SOUTH_HALMAHERA_WEST_NEW_GUINEA.BULI,Austronesian,0,0,0,0,0,0,0,0,0,1,0,0
Mng.BURARRAN.BURARRA,Maningrida,0,1,0,0,0,0,0,0,0,0,0,0
Brs.BURUSHASKI.BURUSHASKI,Burushaski,0,0,0,0,0,0,0,0,1,0,0,0
An.CENTRAL_MALAYO_POLYNESIAN.BURU_MASARETE,Austronesian,0,0,1,0,0,0,0,0,0,0,0,0
An.PAIWAN.BUTANGLU_PAIWAN,Austronesian,0,0,1,0,0,0,0,0,0,0,0,0
UA.CALIFORNIA_UTO_AZTECAN.CAHUILLA,Uto-Aztecan,0,1,0,0,0,0,0,0,0,0,0,0
AA.SEMITIC.CAIRO_ARABIC,Afro-Asiatic,0,0,0,0,0,0,0,0,0,0,1,0
Pan.PANOAN.CAPANAHUA,Pano-Tacanan,0,0,0,0,0,0,1,0,0,0,0,0
IE.ROMANCE.CATALAN,Indo-European,0,0,0,0,0,0,0,0,0,1,0,0
IE.ROMANCE.CATALAN_2,Indo-European,0,0,0,0,0,0,0,0,0,1,0,0
Tac.TACANAN.CAVINENA_1,Pano-Tacanan,0,0,1,0,0,0,0,0,0,0,0,0
Tac.TACANAN.CAVINENA_2,Pano-Tacanan,0,0,1,0,0,0,0,0,0,0,0,0
Cay.CAYUVAVA.CAYUBABA,Cayuvava,1,0,0,0,0,0,0,0,0,0,0,0
Iro.NORTHERN_IROQUOIAN.CAYUGA,Iroquoian,0,0,0,0,0,0,0,0,0,0,1,0
An.GREATER_CENTRAL_PHILIPPINE.CEBUANO,Austronesian,0,0,0,0,0,0,0,0,0,1,0,0
Aym.AYMARAN.CENTRAL_AYMARA,Aymaran,0,0,1,0,0,0,0,0,0,0,0,0
Aym.AYMARAN.CENTRAL_AYMARA_2,Aymaran,0,0,1,0,0,0,0,0,0,0,0,0
An.GREATER_CENTRAL_PHILIPPINE.CENTRAL_BICOLANO,Austronesian,0,0,0,0,0,0,0,0,0,1,0,0
May.MAYAN.CENTRAL_QUICHE,Mayan,0,0,0,0,0,1,0,0,0,0,0,0
May.MAYAN.CENTRAL_QUICHE_SANTA_MARIA_CHIQUIMULA,Mayan,0,0,0,0,0,1,0,0,0,0,0,0
Pen.MIWOK.CENTRAL_SIERRA_MIWOK,Miwok-Costanoan,0,0,0,0,0,0,1,0,0,0,0,0
Brs.BURUSHASKI.CENTRAL_YASIN_BURUSHASKI,Burushaski,0,0,0,0,0,0,0,0,1,0,0,0
An.CHAMORRO.CHAMORRO,Austronesian,0,0,0,0,0,0,0,0,0,0,1,0
OM.ZAPOTECAN.CHATINO_WESTERN_HIGHLAND,Otomanguean,0,0,0,0,0,1,0,0,0,0,0,0
ST.MAHAKIRANTI.CHEPANG,Sino-Tibetan,0,1,0,0,0,0,0,0,0,0,0,0
MZ.MIXE_ZOQUE.CHIAPAS_ZOQUE,Mixe-Zoque,0,0,1,0,0,0,0,0,0,0,0,0
Mus.MUSKOGEAN.CHOCTAW,Muskogean,0,0,0,0,0,0,0,0,0,0,0,1
CK.NORTHERN_CHUKOTKO_KAMCHATKAN.CHUKCHEE,Chukotko-Kamchatkan,0,1,0,0,0,0,0,0,0,0,0,0
Alt.TURKIC.CHUVASH,Turkic,0,0,0,0,0,0,0,0,0,0,0,1
An.SOUTH_SULAWESI.COASTAL_KONJO,Austronesian,0,0,1,0,0,0,0,0,0,0,0,0
Pen.TSIMSHIANIC.COAST_TSIMSHIAN,Tsimshian,0,0,0,0,0,1,0,0,0,0,0,0
Hok.YUMAN.COCOPA,Cochimi-Yuman,0,0,0,0,0,1,0,0,0,0,0,0
UA.NUMIC.COMANCHE,Uto-Aztecan,0,1,0,0,0,0,0,0,0,0,0,0
IE.CELTIC.CORNISH,Indo-European,0,0,1,0,0,0,0,0,0,0,0,0
Mus.MUSKOGEAN.CREEK,Muskogean,0,0,0,0,0,0,0,0,0,1,0,0
Ura.UGRIC.CSANGO,Uralic,0,1,0,0,0,0,0,0,0,0,0,0
Tuc.TUCANOAN.CUBEO,Tucanoan,0,0,0,0,0,0,0,0,0,0,0,1
Tuc.TUCANOAN.CUBEO_2,Tucanoan,0,0,0,0,0,0,0,0,0,0,0,1
UA.CALIFORNIA_UTO_AZTECAN.CUPENO,Uto-Aztecan,0,1,0,0,0,0,0,0,0,0,0,0
IE.SLAVIC.CZECH,Indo-European,0,1,0,0,0,0,0,0,0,0,0,0
EA.ESKIMO.C_YUPIK,Eskimo-Aleut,0,0,0,0,0,0,1,0,0,0,0,0
An.CELEBIC.DAA,Austronesian,0,0,1,0,0,0,0,0,0,0,0,0
Sio.CORE_SIOUAN.DAKOTA,Siouan,0,0,0,1,0,0,0,0,0,0,0,0
AA.SEMITIC.DAMASCUS_ARABIC,Afro-Asiatic,0,0,0,0,0,0,0,0,0,0,1,0
An.SOUTH_SULAWESI.DAMA_DAMA,Austronesian,0,0,1,0,0,0,0,0,0,0,0,0
IE.GERMANIC.DANISH,Indo-European,0,0,0,0,0,0,0,0,0,0,1,1
PN.CENTRAL_PAMA_NYUNGAN.DARLING,Pama-Nyungan,0,1,0,0,0,0,0,0,0,0,0,0
An.LAMPUNGIC.DAYA_LAMPUNG_API,Austronesian,0,0,0,0,0,1,0,0,0,0,0,0
An.OCEANIC.DEHU,Austronesian,0,1,0,0,0,0,0,0,0,0,0,0
Alg.ALGONQUIAN.DELAWARE_MUNSEE,Algic,0,0,0,0,0,0,0,0,0,0,1,0
Tuc.TUCANOAN.DESANO,Tucanoan,0,0,0,0,0,0,0,0,1,0,0,0
Tuc.TUCANOAN.DESANO_2,Tucanoan,0,0,0,0,0,0,0,0,1,0,0,0
PN.SOUTHEASTERN_PAMA_NYUNGAN.DHURGA,Pama-Nyungan,0,0,0,0,0,0,1,0,0,0,0,0
Hok.YUMAN.DIEGUENO,Cochimi-Yuman,0,0,0,0,0,0,0,0,0,1,0,0
NC.NORTHERN_ATLANTIC.DIOLA,Atlantic-Congo,0,1,0,0,0,0,0,0,0,0,0,0
PN.CENTRAL_PAMA_NYUNGAN.DIYARI,Pama-Nyungan,0,1,0,0,0,0,0,0,0,0,0,0
Mir.DJINGILI.DJINGILI,Mirndi,0,0,1,0,0,0,0,0,0,0,0,0
An.CENTRAL_MALAYO_POLYNESIAN.DOBEL,Austronesian,0,0,1,0,0,0,0,0,0,0,0,0
Dra.SOUTH_CENTRAL_DRAVIDIAN.DORLI_GONDI,Dravidian,0,1,0,0,0,0,0,0,0,0,0,0
LP.LAKES_PLAIN.DOUTAI,Lakes_Plain,0,1,0,0,0,0,0,0,0,0,0,0
IE.GERMANIC.DUTCH,Indo-European,0,0,0,0,0,0,0,0,0,0,1,0
PN.NORTHERN_PAMA_NYUNGAN.DYIRBAL,Pama-Nyungan,0,1,0,0,0,0,0,0,0,0,0,0
IE.ARMENIAN.EASTERN_ARMENIAN,Indo-European,0,0,0,0,0,0,0,0,0,0,0,1
IE.IRANIAN.EASTERN_FARSI,Indo-European,0,0,0,0,0,1,0,0,0,0,0,0
EA.ESKIMO.EAST_GREENLANDIC,Eskimo-Aleut,0,0,0,0,0,1,0,0,0,0,0,0
An.SOUTH_HALMAHERA_WEST_NEW_GUINEA.EAST_MAKIAN,Austronesian,0,0,1,0,0,0,0,0,0,0,0,0
An.CENTRAL_MALAYO_POLYNESIAN.ELPAPUTIH_SAMASURU_PAULOHIJ,Austronesian,0,0,1,0,0,0,0,0,0,0,0,0
An.CENTRAL_MALAYO_POLYNESIAN.ELPAPUTIH_SERAM_1,Austronesian,0,0,1,0,0,0,0,0,0,0,0,0
An.CENTRAL_MALAYO_POLYNESIAN.ELPAPUTIH_SERAM_2,Austronesian,0,0,1,0,0,0,0,0,0,0,0,0
An.CENTRAL_MALAYO_POLYNESIAN.ELPAPUTIH_SERAM_3,Austronesian,0,0,1,0,0,0,0,0,0,0,0,0
Cho.CHOCO.EMBERA_CHAMI,Chocoan,0,0,0,0,0,0,0,0,0,1,0,0
An.ENGGANO.ENGGANO,Austronesian,0,0,1,0,0,0,0,0,0,0,0,0
IE.GERMANIC.ENGLISH,Indo-European,0,0,0,0,0,0,0,0,0,0,1,0
Cho.CHOCO.EPENA_BASURUDO,Chocoan,0,0,0,0,0,0,0,0,0,1,0,0
Cho.CHOCO.EPENA_SAIJA,Chocoan,0,0,0,0,0,0,0,0,0,1,0,0
Tac.TACANAN.ESE_EJJA,Pano-Tacanan,0,0,1,0,0,0,0,0,0,0,0,0
Ura.FINNIC.ESTONIAN,Uralic,0,1,0,0,0,0,0,0,0,0,0,0
Alt.TUNGUSIC.EVENKI_POLIGUS_LITERARY,Tungusic,0,0,0,0,0,0,0,0,0,1,0,0
Alt.TUNGUSIC.EWENKI_1,Tungusic,0,0,0,0,0,0,0,0,0,1,0,0
Alt.TUNGUSIC.EWENKI_2,Tungusic,0,0,0,0,0,0,0,0,0,1,0,0
Kad.KADUGLI.FAMA,Kadugli-Krongo,0,0,0,0,0,0,0,0,0,0,0,1
IE.GERMANIC.FAROESE,Indo-European,0,1,0,0,0,0,0,0,0,0,0,0
AA.BERBER.FIGUIG,Afro-Asiatic,0,0,0,0,0,1,0,0,0,0,0,0
An.OCEANIC.FIJIAN,Austronesian,0,0,0,0,0,0,0,0,0,1,0,0
An.OCEANIC.FIJIAN_2,Austronesian,0,0,0,0,0,0,0,0,0,1,0,0
Ura.FINNIC.FINNISH,Uralic,0,1,0,0,0,0,0,0,0,0,0,0
An.CENTRAL_MALAYO_POLYNESIAN.FORDATA,Austronesian,0,0,1,0,0,0,0,0,0,0,0,0
TNG.EASTERN_HIGHLANDS.FORE,Nuclear_Trans_New_Guinea,0,0,0,0,0,0,0,0,0,0,0,1
IE.ROMANCE.FRENCH,Indo-European,0,0,0,0,0,0,0,0,0,1,0,0
IE.CELTIC.GAELIC_SCOTTISH,Indo-European,0,1,0,0,0,0,0,0,0,0,0,0
WP.NORTH_HALMAHERAN.GALELA,North_Halmahera,0,0,1,0,0,0,0,0,0,0,0,0
WP.NORTH_HALMAHERAN.GALELA_2,North_Halmahera,0,0,1,0,0,0,0,0,0,0,0,0
PN.SOUTHEASTERN_PAMA_NYUNGAN.GAMILARAAY,Pama-Nyungan,0,0,0,0,0,0,0,0,0,0,0,1
Brs.BURUSHASKI.GANISH_HUNZA_BURUSHASKI,Burushaski,0,0,0,0,0,0,0,0,1,0,0,0
Gar.GARRWAN.GARAWA,Garrwan,0,1,0,0,0,0,0,0,0,0,0,0
IE.ROMANCE.GASCON,Indo-European,0,0,0,0,0,0,0,0,0,1,0,0
An.NORTHWEST_SUMATRA_BARRIER_ISLANDS.GAYO,Austronesian,0,0,0,0,0,0,0,0,0,1,0,0
Krt.KARTVELIAN.GEORGIAN,Kartvelian,1,0,0,0,0,0,0,0,0,0,0,0
Niv.NIVKH.GILYAK,Nivkh,0,1,0,0,0,0,0,0,0,0,0,0
Niv.NIVKH.GILYAK_AMUR,Nivkh,0,1,0,0,0,0,0,0,0,0,0,0
Niv.NIVKH.GILYAK_EAST_SAKHALIN,Nivkh,0,1,0,0,0,0,0,0,0,0,0,0
Niv.NIVKH.GILYAK_NORTH_SAKHALIN,Nivkh,0,1,0,0,0,0,0,0,0,0,0,0
Niv.NIVKH.GILYAK_SOUTH_SAKHALIN,Nivkh,0,1,0,0,0,0,0,0,0,0,0,0
Niv.NIVKH.GILYAK_WEST_SAKHALIN,Nivkh,0,1,0,0,0,0,0,0,0,0,0,0
NDa.AVAR_ANDIC_TSEZIC.GODOBERI,Nakh-Daghestanian,0,0,0,0,0,0,0,0,0,0,0,1
Bun.BUNUBAN.GOONIYANDI,Bunaban,0,1,0,0,0,0,0,0,0,0,0,0
IE.GREEK.GREEK,Indo-European,1,0,0,0,0,0,0,0,0,0,0,0
Tup.TUPI_GUARANI.GUARANI,Tupian,0,0,0,0,0,1,0,0,0,0,0,0
Tup.TUPI_GUARANI.GUARANI_KAIWA,Tupian,0,0,0,0,0,1,0,0,0,0,0,0
IE.INDIC.GUJARATI,Indo-European,0,0,0,0,0,0,0,0,0,1,0,0
Gun.GUNWINYGIC.GUNWINGGU_GUN_DJEIHMI,Gunwinyguan,0,1,0,0,0,0,0,0,0,0,0,0
Gun.GUNWINYGIC.GUNWINGGU_KUNE,Gunwinyguan,0,1,0,0,0,0,0,0,0,0,0,0
Gun.GUNWINYGIC.GUNWINGGU_KUNINJKU,Gunwinyguan,0,1,0,0,0,0,0,0,0,0,0,0
Gun.GUNWINYGIC.GUNWINGGU_KUNWINJKU,Gunwinyguan,0,1,0,0,0,0,0,0,0,0,0,0
Gun.GUNWINYGIC.GUNWINGGU_MANYALLALUK_MAYALI,Gunwinyguan,0,1,0,0,0,0,0,0,0,0,0,0
PN.NORTHERN_PAMA_NYUNGAN.GUUGU_YIMIDHIR,Pama-Nyungan,0,1,0,0,0,0,0,0,0,0,0,0
NC.BANTOID.H166_KONGO_MANYANGA,Atlantic-Congo,0,1,0,0,0,0,0,0,0,0,0,0
NC.BANTOID.HADIMU,Atlantic-Congo,0,0,1,0,0,0,0,0,0,0,0,0
Hai.HAIDA.HAIDA_2,Haida,0,0,0,0,0,0,0,0,0,0,0,1
Brs.BURUSHASKI.HAIDERABAD_HUNZA_BURUSHASKI,Burushaski,0,0,0,0,0,0,0,0,1,0,0,0
OC.COOSAN.HANIS_COOS,Coosan,0,0,0,0,0,0,0,0,0,1,0,0
An.GREATER_CENTRAL_PHILIPPINE.HANUNOO,Austronesian,0,0,1,0,0,0,0,0,0,0,0,0
An.OCEANIC.HAWAIIAN,Austronesian,0,0,1,0,0,0,0,0,0,0,0,0
An.OCEANIC.HAWAIIAN_2,Austronesian,0,0,1,0,0,0,0,0,0,0,0,0
An.OCEANIC.HAWAIIAN_3,Austronesian,0,0,1,0,0,0,0,0,0,0,0,0
AA.SEMITIC.HEBREW,Afro-Asiatic,0,0,0,0,0,1,0,0,0,0,0,0
IE.INDIC.HINDI,Indo-European,0,0,0,0,0,0,0,0,0,0,1,0
TNG.DANI.HITIGIMA_DANI,Nuclear_Trans_New_Guinea,0,0,0,0,0,1,0,0,0,0,0,0
Car.CARIBAN.HIXKARYANA,Cariban,0,0,0,0,0,0,0,0,1,0,0,0
Brs.BURUSHASKI.HOPER_NAGAR_BURUSHASKI,Burushaski,0,0,0,0,0,0,0,0,1,0,0,0
UA.HOPI.HOPI,Uto-Aztecan,0,0,0,0,0,0,1,0,0,0,0,0
Tac.TACANAN.HUARAYO_ESE_EJJA,Pano-Tacanan,0,0,1,0,0,0,0,0,0,0,0,0
May.MAYAN.HUASTEC,Mayan,0,0,0,0,0,0,0,0,0,0,0,1
May.MAYAN.HUASTEC_VERACRUZ,Mayan,0,0,0,0,0,0,0,0,0,0,0,1
Hui.HUITOTO.HUITOTO_NIPODE,Huitotoan,0,1,0,0,0,0,0,0,0,0,0,0
Hui.HUITOTO.HUITOTO_NUPODE,Huitotoan,0,1,0,0,0,0,0,0,0,0,0,0
Ura.UGRIC.HUNGARIAN,Uralic,0,1,0,0,0,0,0,0,0,0,0,0
NDa.AVAR_ANDIC_TSEZIC.HUNZIB,Nakh-Daghestanian,0,0,0,0,0,0,0,0,0,1,0,0
Brs.BURUSHASKI.HUSSAINABAD_HUNZA_BURUSHASKI,Burushaski,0,0,0,0,0,0,0,0,1,0,0,0
An.OCEANIC.IAAI,Austronesian,0,1,0,0,0,0,0,0,0,0,0,0
IE.GERMANIC.ICELANDIC,Indo-European,0,1,0,0,0,0,0,0,0,0,0,0
Knm.KUNAMA.ILIT,Kunama,0,0,0,0,0,0,0,0,0,0,1,0
An.MALAYO_SUMBAWAN.INDONESIAN,Austronesian,0,0,1,0,0,0,0,0,0,0,0,0
An.MALAYO_SUMBAWAN.INDONESIAN_2,Austronesian,0,0,1,0,0,0,0,0,0,0,0,0
An.MALAYO_SUMBAWAN.INDONESIAN_JAKARTA,Austronesian,0,0,1,0,0,0,0,0,0,0,0,0
Que.QUECHUAN.INGA_PUTUMAYO,Quechuan,0,0,0,0,0,0,0,0,0,1,0,0
NDa.NAKH.INGUSH,Nakh-Daghestanian,0,1,0,0,0,0,0,0,0,0,0,0
Sio.CORE_SIOUAN.IOWA_OTO,Siouan,0,0,0,0,0,0,1,0,0,0,0,0
AA.SOUTHERN_CUSHITIC.IRAQW,Afro-Asiatic,0,0,0,0,0,0,0,0,0,0,1,1
AA.SOUTHERN_CUSHITIC.IRAQW_2,Afro-Asiatic,0,0,0,0,0,0,0,0,0,0,1,1
An.SOUTH_HALMAHERA_WEST_NEW_GUINEA.IRARUTU,Austronesian,0,0,0,0,0,1,0,0,0,0,0,0
IE.CELTIC.IRISH_GAELIC,Indo-European,0,1,0,0,0,0,0,0,0,0,0,1
IE.ROMANCE.ITALIAN,Indo-European,0,0,0,0,0,0,0,0,0,1,0,0
IE.ROMANCE.ITALIAN_GROSSETO_TUSCAN,Indo-European,0,0,0,0,0,0,0,0,0,1,0,0
An.LAMPUNGIC.JABUNG_LAMPUNG_API,Austronesian,0,0,0,0,0,1,0,0,0,0,0,0
May.MAYAN.JACALTEC,Mayan,0,1,0,0,0,0,0,0,0,0,0,0
May.MAYAN.JACALTECO_WESTERN,Mayan,0,1,0,0,0,0,0,0,0,0,0,0
May.MAYAN.JAKALTEKO_EASTERN,Mayan,0,1,0,0,0,0,0,0,0,0,0,0
Aru.ARAUAN.JAMAMADI,Arawan,0,0,0,0,0,0,0,0,0,1,0,0
IE.GERMANIC.JAMTLANDIC,Indo-European,0,0,0,0,0,0,0,0,0,0,1,0
Aym.AYMARAN.JAQARU,Aymaran,0,0,1,0,0,0,0,0,0,0,0,0
Aym.AYMARAN.JAQARU_2,Aymaran,0,0,1,0,0,0,0,0,0,0,0,0
Aru.ARAUAN.JARAWARA,Arawan,0,0,0,0,0,0,0,0,0,1,0,0
PN.WESTERN_PAMA_NYUNGAN.JARU,Pama-Nyungan,0,0,0,0,0,0,0,0,0,0,0,1
Tol.TOL.JICAQUE,Jicaquean,0,0,0,0,0,0,0,0,0,1,0,0
AA.SEMITIC.JILU,Afro-Asiatic,0,0,1,0,0,0,0,0,0,0,0,0
NC.NORTHERN_ATLANTIC.JOLA,Atlantic-Congo,0,1,0,0,0,0,0,0,0,0,0,0
NC.BANTOID.K14_LWENA_1,Atlantic-Congo,0,0,1,0,0,0,0,0,0,0,0,0
NC.BANTOID.K14_LWENA_2,Atlantic-Congo,0,0,1,0,0,0,0,0,0,0,0,0
An.CELEBIC.KADATUA,Austronesian,0,0,1,0,0,0,0,0,0,0,0,0
IE.INDIC.KALAMI,Indo-European,0,0,0,0,0,1,0,0,0,0,0,0
Kal.KALAPUYAN.KALAPUYA,Kalapuyan,0,1,0,0,0,0,0,0,0,0,0,0
An.LAMPUNGIC.KALIANDA_LAMPUNG_API,Austronesian,0,0,0,0,0,1,0,0,0,0,0,0
Car.CARIBAN.KALINA,Cariban,0,0,0,0,0,0,0,0,0,0,1,1
PN.NORTHERN_PAMA_NYUNGAN.KALKUTUNG,Pama-Nyungan,0,1,0,0,0,0,0,0,0,0,0,0
TAP.GREATER_ALOR.KAMANG,Timor-Alor-Pantar,0,0,0,0,0,0,0,0,1,0,0,0
TAP.GREATER_ALOR.KAMANG_2,Timor-Alor-Pantar,0,0,0,0,0,0,0,0,1,0,0,0
TAP.GREATER_ALOR.KAMANG_KOLOMANE,Timor-Alor-Pantar,0,0,0,0,0,0,0,0,1,0,0,0
TAP.GREATER_ALOR.KAMANG_LANGKURU,Timor-Alor-Pantar,0,0,0,0,0,0,0,0,1,0,0,0
TAP.GREATER_ALOR.KAMANG_LETLEY,Timor-Alor-Pantar,0,0,0,0,0,0,0,0,1,0,0,0
TAP.GREATER_ALOR.KAMANG_PIDO_I,Timor-Alor-Pantar,0,0,0,0,0,0,0,0,1,0,0,0
TAP.GREATER_ALOR.KAMANG_PIDO_II,Timor-Alor-Pantar,0,0,0,0,0,0,0,0,1,0,0,0
An.CENTRAL_MALAYO_POLYNESIAN.KAMBERA,Austronesian,0,0,1,0,0,0,0,0,0,0,0,0
TNG.WISSEL_LAKES_KEMANDOGA.KAPAUKU,Nuclear_Trans_New_Guinea,0,0,0,0,0,0,1,0,0,0,0,0
An.BARITO.KAPUAS_KAHAYAN,Austronesian,0,0,1,0,0,0,0,0,0,0,0,0
IE.IRANIAN.KARAK_PASHTO,Indo-European,0,0,0,0,0,0,0,0,1,0,0,0
An.OCEANIC.KARA_PNG,Austronesian,0,0,0,0,0,0,0,0,0,0,0,1
Ura.FINNIC.KARELIAN,Uralic,0,1,0,0,0,0,0,0,0,0,0,0
Kar.KAROK.KAROK,Karuk,0,0,0,0,0,0,0,0,0,0,0,1
An.NORTHWEST_SUMATRA_BARRIER_ISLANDS.KARO_BATAK,Austronesian,0,0,0,0,0,0,0,0,0,1,0,0
Hok.POMOAN.KASHAYA,Pomoan,0,0,0,0,0,0,0,1,0,0,0,0
IE.SLAVIC.KASHUBIAN,Indo-European,0,0,0,0,0,0,0,0,0,0,0,1
An.BARITO.KATINGAN,Austronesian,0,0,1,0,0,0,0,0,0,0,0,0
Kau.KAURE.KAURE,Kaure-Narau,0,0,0,0,0,0,0,0,0,0,0,1
UA.NUMIC.KAWAIISU,Uto-Aztecan,0,0,0,0,0,0,0,0,0,1,0,0
Aym.AYMARAN.KAWKI,Aymaran,0,0,1,0,0,0,0,0,0,0,0,0
Tan.TANGKIC.KAYARDILD,Tangkic,0,1,0,0,0,0,0,0,0,0,0,0
An.CENTRAL_MALAYO_POLYNESIAN.KEI,Austronesian,0,0,0,0,0,1,0,0,0,0,0,0
An.OCEANIC.KELA,Austronesian,1,0,0,0,0,0,0,0,0,0,0,0
AA.EAST_CHADIC.KERA,Afro-Asiatic,0,0,0,0,0,0,0,0,0,0,0,1
TNG.MEK.KETENGBAN_BIME,Nuclear_Trans_New_Guinea,0,0,0,0,0,0,0,0,1,0,0,0
AuA.KHASIAN.KHASI,Austroasiatic,0,0,0,0,0,1,0,0,0,0,0,0
AuA.KHASIAN.KHASI_2,Austroasiatic,0,0,0,0,0,1,0,0,0,0,0,0
AuA.KHMER.KHMER,Austroasiatic,0,0,0,0,0,1,0,0,0,0,0,0
AuA.KHMER.KHMER_2,Austroasiatic,0,0,0,0,0,1,0,0,0,0,0,0
AuA.PALAUNG_KHMUIC.KHMU,Austroasiatic,0,0,0,0,0,1,0,0,0,0,0,0
AuA.PALAUNG_KHMUIC.KHMU_2,Austroasiatic,0,0,0,0,0,1,0,0,0,0,0,0
May.MAYAN.KICHE,Mayan,0,0,0,0,0,1,0,0,0,0,0,0
May.MAYAN.KICHEE_ALDEA_ARGUETA_SOLOLA,Mayan,0,0,0,0,0,1,0,0,0,0,0,0
May.MAYAN.KICHEE_CANTEL,Mayan,0,0,0,0,0,1,0,0,0,0,0,0
May.MAYAN.KICHEE_CHICHICASTENANGO,Mayan,0,0,0,0,0,1,0,0,0,0,0,0
May.MAYAN.KICHEE_CUBULCO,Mayan,0,0,0,0,0,1,0,0,0,0,0,0
May.MAYAN.KICHEE_CUNEN_1,Mayan,0,0,0,0,0,1,0,0,0,0,0,0
May.MAYAN.KICHEE_CUNEN_2,Mayan,0,0,0,0,0,1,0,0,0,0,0,0
May.MAYAN.KICHEE_JOYABAJ_1,Mayan,0,0,0,0,0,1,0,0,0,0,0,0
May.MAYAN.KICHEE_JOYABAJ_2,Mayan,0,0,0,0,0,1,0,0,0,0,0,0
May.MAYAN.KICHEE_MOMOSTENANGO,Mayan,0,0,0,0,0,1,0,0,0,0,0,0
May.MAYAN.KICHEE_NAHUALA_1,Mayan,0,0,0,0,0,1,0,0,0,0,0,0
May.MAYAN.KICHEE_NAHUALA_2,Mayan,0,0,0,0,0,1,0,0,0,0,0,0
May.MAYAN.KICHEE_SAMAYAC_1,Mayan,0,0,0,0,0,1,0,0,0,0,0,0
May.MAYAN.KICHEE_SAMAYAC_2,Mayan,0,0,0,0,0,1,0,0,0,0,0,0
May.MAYAN.KICHEE_SANTA_CLARA_LA_LAGUNA,Mayan,0,0,0,0,0,1,0,0,0,0,0,0
May.MAYAN.KICHEE_SANTA_CRUZ_DE_EL_QUICHE,Mayan,0,0,0,0,0,1,0,0,0,0,0,0
May.MAYAN.KICHEE_SANTA_LUCIA_UTATLAN,Mayan,0,0,0,0,0,1,0,0,0,0,0,0
May.MAYAN.KICHEE_SANTA_MARIA_CHIQUIMULA_1,Mayan,0,0,0,0,0,1,0,0,0,0,0,0
May.MAYAN.KICHEE_SANTA_MARIA_CHIQUIMULA_2,Mayan,0,0,0,0,0,1,0,0,0,0,0,0
May.MAYAN.KICHEE_SAN_ANTONIO_ILOTENANGO,Mayan,0,0,0,0,0,1,0,0,0,0,0,0
May.MAYAN.KICHEE_SAN_JOSE_CHIQUILAJA_QUETZ,Mayan,0,0,0,0,0,1,0,0,0,0,0,0
May.MAYAN.KICHEE_SAN_MIGUEL_CHICAJ,Mayan,0,0,0,0,0,1,0,0,0,0,0,0
May.MAYAN.KICHEE_TOTONICAPAN_1,Mayan,0,0,0,0,0,1,0,0,0,0,0,0
May.MAYAN.KICHEE_TOTONICAPAN_2,Mayan,0,0,0,0,0,1,0,0,0,0,0,0
May.MAYAN.KICHEE_ZACUALPA,Mayan,0,0,0,0,0,1,0,0,0,0,0,0
May.MAYAN.KICHEE_ZUNIL,Mayan,0,0,0,0,0,1,0,0,0,0,0,0
An.SOUTH_SULAWESI.KIHA,Austronesian,0,0,1,0,0,0,0,0,0,0,0,0
An.OCEANIC.KILIVILA,Austronesian,0,0,0,0,0,0,0,0,0,1,0,0
An.CENTRAL_MALAYO_POLYNESIAN.KISAR,Austronesian,0,0,1,0,0,0,0,0,0,0,0,0
Cad.CADDOAN.KITSAI,Caddoan,0,0,0,0,0,0,0,0,1,0,0,0
Pen.KLAMATH_MODOC.KLAMATH,Klamath-Modoc,0,0,0,0,0,0,0,0,0,0,0,1
Mus.MUSKOGEAN.KOASATI,Muskogean,0,0,0,0,0,0,0,0,0,1,0,0
TNG.MADANG.KOBON,Nuclear_Trans_New_Guinea,0,0,1,0,0,0,0,0,0,0,0,0
PN.WESTERN_PAMA_NYUNGAN.KOKATA,Pama-Nyungan,0,1,0,0,0,0,0,0,0,0,0,0
PN.NORTHERN_PAMA_NYUNGAN.KOKO_YALANDJI,Pama-Nyungan,0,1,0,0,0,0,0,0,0,0,0,0
Yka.YUKAGHIR.KOLYMA_YUKAGIR,Yukaghir,0,0,0,0,0,0,0,0,0,0,0,1
Ura.PERMIC.KOMI_PERMYAK,Uralic,0,0,0,0,0,0,0,0,0,0,0,1
Ura.PERMIC.KOMI_ZYRIAN,Uralic,0,0,0,0,0,0,0,0,0,0,0,1
NC.BANTOID.KONGO_MBOMA,Atlantic-Congo,0,1,0,0,0,0,0,0,0,0,0,0
Pan.PANOAN.KONIBO,Pano-Tacanan,0,0,0,0,0,0,1,0,0,0,0,0
An.SOUTH_SULAWESI.KONJO,Austronesian,0,0,1,0,0,0,0,0,0,0,0,0
NC.BANTOID.KOONGO,Atlantic-Congo,0,1,0,0,0,0,0,0,0,0,0,0
NC.GUR.KOROMFE,Atlantic-Congo,0,1,0,0,0,0,0,0,0,0,0,0
An.LAMPUNGIC.KOTA_AGUNG_LAMPUNG_API,Austronesian,0,0,0,0,0,1,0,0,0,0,0,0
Kad.KADUGLI.KRONGO,Kadugli-Krongo,0,0,0,0,0,0,0,0,0,0,0,1
An.LAMPUNGIC.KRUI_LAMPUNG_API,Austronesian,0,0,0,0,0,1,0,0,0,0,0,0
NDa.LEZGIC.KUBA_LEZGI,Nakh-Daghestanian,0,0,0,0,0,0,1,0,0,0,0,0
Knm.KUNAMA.KUNAMA,Kunama,0,0,0,0,0,0,0,0,0,0,1,0
PN.NORTHERN_PAMA_NYUNGAN.KUNJEN,Pama-Nyungan,0,0,0,0,0,1,0,0,0,0,0,0
ST.CHINESE.KUNMING_MANDARIN,Sino-Tibetan,0,0,0,0,0,0,0,0,1,0,0,0
Alt.TUNGUSIC.KUR_URMI,Tungusic,0,0,0,0,0,0,0,0,0,1,0,0
Ktn.KUTENAI.KUTENAI,Kutenai,0,0,1,0,0,0,0,0,0,0,0,0
PN.NORTHERN_PAMA_NYUNGAN.KUUKU_YAU,Pama-Nyungan,0,0,0,0,0,0,0,0,0,0,0,1
AA.SEMITIC.KUWAITI_ARABIC,Afro-Asiatic,0,0,0,0,0,0,0,0,0,1,0,0
An.OCEANIC.KWAIO,Austronesian,0,0,1,0,0,0,0,0,0,0,0,0
Wak.NORTHERN_WAKASHAN.KWAKWALA,Wakashan,0,0,0,0,0,0,0,0,0,0,0,1
IE.IRANIAN.LAKKI_MARWAT_PASHTO,Indo-European,0,0,0,0,0,0,0,0,1,0,0,0
An.CENTRAL_MALAYO_POLYNESIAN.LAMAHOLOT_ILE_MANDIRI,Austronesian,0,0,0,0,0,0,0,0,0,1,0,0
PN.NORTHERN_PAMA_NYUNGAN.LAMALAMA_COASTAL,Pama-Nyungan,0,0,0,1,0,0,0,0,0,0,0,0
PN.NORTHERN_PAMA_NYUNGAN.LAMALAMA_INLAND,Pama-Nyungan,0,0,0,1,0,0,0,0,0,0,0,0
An.LAMPUNGIC.LAMPUNG,Austronesian,0,0,0,0,0,1,0,0,0,0,0,0
ESu.NILOTIC.LANGO,Nilotic,0,1,0,0,0,0,0,0,0,0,0,0
IE.ROMANCE.LANGUEDOCIEN,Indo-European,0,0,0,0,0,0,0,0,0,1,0,0
An.CENTRAL_MALAYO_POLYNESIAN.LARIKE_WAKASIHU,Austronesian,0,0,1,0,0,0,0,0,0,0,0,0
DR.LARAGIA.LARRAKIA,Larrakiyan,0,0,0,0,0,0,0,1,0,0,0,0
IE.INDIC.LATVIAN_ROMANI,Indo-European,0,0,0,0,0,1,0,0,0,0,0,0
An.CELEBIC.LAUJE,Austronesian,0,0,1,0,0,0,0,0,0,0,0,0
An.CELEBIC.LAUJE_AMPIBABO,Austronesian,0,0,1,0,0,0,0,0,0,0,0,0
SoP.LAVUKALEVE.LAVUKALEVE,Lavukaleve,0,1,0,0,0,0,0,0,0,0,0,0
OM.CHINANTECAN.LEALAO_CHINANTEC,Otomanguean,0,0,0,0,0,0,0,0,1,0,0,0
An.GREATER_CENTRAL_PHILIPPINE.LEGAZPI,Austronesian,0,0,0,0,0,0,0,0,0,1,0,0
An.OCEANIC.LENAKEL_LENAUKAS,Austronesian,0,0,1,0,0,0,0,0,0,0,0,0
An.OCEANIC.LENAKEL_LONASILIAN,Austronesian,0,0,1,0,0,0,0,0,0,0,0,0
PN.NORTHERN_PAMA_NYUNGAN.LENINGITIJ,Pama-Nyungan,0,1,0,0,0,0,0,0,0,0,0,0
An.CENTRAL_MALAYO_POLYNESIAN.LETINESE,Austronesian,0,0,0,0,0,0,0,0,0,1,0,0
An.CENTRAL_MALAYO_POLYNESIAN.LEWA_KAMBERA,Austronesian,0,0,1,0,0,0,0,0,0,0,0,0
NDa.LEZGIC.LEZGI,Nakh-Daghestanian,0,0,0,0,0,0,1,0,0,0,0,0
ST.BODIC.LHASA_TIBETAN,Sino-Tibetan,0,0,0,0,0,0,0,0,0,0,0,1
PN.NORTHERN_PAMA_NYUNGAN.LINNGITHIGH,Pama-Nyungan,0,1,0,0,0,0,0,0,0,0,0,0
IE.BALTIC.LITHUANIAN,Indo-European,0,0,0,0,0,0,0,0,0,0,0,1
IE.INDIC.LITHUANIAN_ROMANI,Indo-European,0,0,0,0,0,1,0,0,0,0,0,0
Ura.FINNIC.LIVE,Uralic,0,1,0,0,0,0,0,0,0,0,0,0
Arw.CARIBBEAN_ARAWAKAN.LOKONO,Arawakan,0,1,0,0,0,0,0,0,0,0,0,0
PN.CENTRAL_PAMA_NYUNGAN.LOWER_ARANDA,Pama-Nyungan,0,0,0,1,0,0,0,0,0,0,0,0
An.CENTRAL_MALAYO_POLYNESIAN.LUANG,Austronesian,0,0,1,0,0,0,0,0,0,0,0,0
UA.CALIFORNIA_UTO_AZTECAN.LUISENO,Uto-Aztecan,0,0,0,0,0,0,1,0,0,0,0,0
NC.BANTOID.LUVALE,Atlantic-Congo,0,0,1,0,0,0,0,0,0,0,0,0
IE.SLAVIC.MACEDONIAN,Indo-European,1,0,0,0,0,0,0,0,0,0,0,0
Car.CARIBAN.MACUSHI,Cariban,0,0,0,0,0,1,0,0,0,0,0,0
An.OCEANIC.MAE,Austronesian,1,0,0,0,0,0,0,0,0,0,0,0
An.OCEANIC.MAE_ORAP,Austronesian,1,0,0,0,0,0,0,0,0,0,0,0
An.SOUTH_HALMAHERA_WEST_NEW_GUINEA.MAILOA,Austronesian,0,0,1,0,0,0,0,0,0,0,0,0
TNG.MAIRASI_TANAHMERAH.MAIRASI,Mairasic,0,0,0,0,0,0,0,0,0,1,0,0
IE.INDIC.MAITHILI,Indo-European,0,0,0,0,0,0,0,0,0,0,1,0
WP.NORTH_CENTRAL_BIRDS_HEAD.MAI_BRAT,Maybrat,0,1,0,0,0,0,0,0,0,0,0,0
Wak.SOUTHERN_WAKASHAN.MAKAH,Wakashan,0,0,0,0,0,0,1,0,0,0,0,0
An.SOUTH_SULAWESI.MAKASAR,Austronesian,0,0,1,0,0,0,0,0,0,0,0,0
An.SOUTH_SULAWESI.MAKASSARESE,Austronesian,0,0,1,0,0,0,0,0,0,0,0,0
Car.CARIBAN.MAKUSHI,Cariban,0,0,0,0,0,1,0,0,0,0,0,0
An.BARITO.MALAGASY_AMBOSITRA,Austronesian,0,0,1,0,0,0,0,0,0,0,0,0
An.BARITO.MALAGASY_FIANARANTSOA,Austronesian,0,0,1,0,0,0,0,0,0,0,0,0
An.BARITO.MALAGASY_MERINA,Austronesian,0,0,1,0,0,0,0,0,0,0,0,0
An.BARITO.MALAGASY_PLATEAU_BETSILEO_FIANARANTSOA,Austronesian,0,0,1,0,0,0,0,0,0,0,0,0
An.BARITO.MALAGASY_PLATEAU_MERINA_ANTANANARIVO,Austronesian,0,0,1,0,0,0,0,0,0,0,0,0
An.BARITO.MALAGASY_PLATEAU_SIHANAKA_AMBATONDRAZAKA,Austronesian,0,0,1,0,0,0,0,0,0,0,0,0
An.BARITO.MALAGASY_SIHANAKA,Austronesian,0,0,1,0,0,0,0,0,0,0,0,0
An.BARITO.MALAGASY_TAIMORO,Austronesian,0,0,1,0,0,0,0,0,0,0,0,0
An.ENGGANO.MALAKONI_ENGGANO,Austronesian,0,0,1,0,0,0,0,0,0,0,0,0
An.JAVANESE.MALANG,Austronesian,0,0,0,0,0,0,0,0,0,1,0,0
Dra.SOUTHERN_DRAVIDIAN.MALAYALAM,Dravidian,0,0,0,0,0,0,1,0,0,0,0,0
AA.SEMITIC.MALTESE,Afro-Asiatic,0,0,0,0,0,0,0,0,0,1,0,0
AA.SEMITIC.MALTESE_ARABIC,Afro-Asiatic,0,0,0,0,0,0,0,0,0,1,0,0
An.SOUTH_SULAWESI.MAMBI,Austronesian,0,0,1,0,0,0,0,0,0,0,0,0
May.MAYAN.MAM_CABRICAN,Mayan,0,0,0,0,0,0,0,0,0,0,1,1
May.MAYAN.MAM_CAJOLA,Mayan,0,0,0,0,0,0,0,0,0,0,1,1
May.MAYAN.MAM_CONSEPCION_CHIQUIRICHAPA,Mayan,0,0,0,0,0,0,0,0,0,0,1,1
May.MAYAN.MAM_NORTHERN,Mayan,0,0,0,0,0,0,0,0,0,0,1,1
May.MAYAN.MAM_SANTA_BARBARA,Mayan,0,0,0,0,0,0,0,0,0,0,1,1
May.MAYAN.MAM_SANTIAGO_CHIMALTENANGO,Mayan,0,0,0,0,0,0,0,0,0,0,1,1
May.MAYAN.MAM_SAN_GASPAR_IXCHIL,Mayan,0,0,0,0,0,0,0,0,0,0,1,1
May.MAYAN.MAM_SAN_ILDEFONSO_IXTAHUACAN,Mayan,0,0,0,0,0,0,0,0,0,0,1,1
May.MAYAN.MAM_SAN_JUAN_ATITLAN,Mayan,0,0,0,0,0,0,0,0,0,0,1,1
May.MAYAN.MAM_SAN_JUAN_OSTUNCALCO,Mayan,0,0,0,0,0,0,0,0,0,0,1,1
May.MAYAN.MAM_SAN_MARTIN_SACATEPEQUEZ,Mayan,0,0,0,0,0,0,0,0,0,0,1,1
May.MAYAN.MAM_SAN_MIGUEL_SIGUILA,Mayan,0,0,0,0,0,0,0,0,0,0,1,1
May.MAYAN.MAM_SAN_PEDRO_NECTA,Mayan,0,0,0,0,0,0,0,0,0,0,1,1
May.MAYAN.MAM_SAN_RAFAEL_PETZAL,Mayan,0,0,0,0,0,0,0,0,0,0,1,1
May.MAYAN.MAM_SAN_SEBASTIAN_H,Mayan,0,0,0,0,0,0,0,0,0,0,1,1
May.MAYAN.MAM_TACANA_1,Mayan,0,0,0,0,0,0,0,0,0,0,1,1
May.MAYAN.MAM_TACANA_2,Mayan,0,0,0,0,0,0,0,0,0,0,1,1
May.MAYAN.MAM_TACANA_3,Mayan,0,0,0,0,0,0,0,0,0,0,1,1
May.MAYAN.MAM_TODOS_SANTOS_CUCHUMATAN_1,Mayan,0,0,0,0,0,0,0,0,0,0,1,1
May.MAYAN.MAM_TODOS_SANTOS_CUCHUMATAN_2,Mayan,0,0,0,0,0,0,0,0,0,0,1,1
May.MAYAN.MAM_TODOS_SANTOS_CUCHUMATAN_3,Mayan,0,0,0,0,0,0,0,0,0,0,1,1
An.OCEANIC.MANAM,Austronesian,0,0,0,0,0,0,0,0,0,0,1,0
ST.CHINESE.MANDARIN,Sino-Tibetan,0,0,0,0,0,0,0,0,1,0,0,0
ST.CHINESE.MANDARIN_2,Sino-Tibetan,0,0,0,0,0,0,0,0,1,0,0,0
MM.MANGARRAYI.MANGARAYI,Mangarrayi-Maran,0,0,1,0,0,0,0,0,0,0,0,0
An.CENTRAL_MALAYO_POLYNESIAN.MANGGARAI,Austronesian,0,0,0,0,0,0,0,0,0,1,0,0
An.GREATER_CENTRAL_PHILIPPINE.MANOBO_TIGWA,Austronesian,0,0,0,0,0,0,0,0,0,1,0,0
Ura.UGRIC.MANSI,Uralic,0,1,0,0,0,0,0,0,0,0,0,0
PN.WESTERN_PAMA_NYUNGAN.MANTJILTJARA,Pama-Nyungan,0,1,0,0,0,0,0,0,0,0,0,0
IE.CELTIC.MANX,Indo-European,0,1,0,0,0,0,0,0,0,0,0,0
An.OCEANIC.MAORI,Austronesian,0,0,0,0,0,0,0,0,0,0,0,1
Arc.ARAUCANIAN.MAPUDUNGUN,Araucanian,0,0,0,1,0,0,0,0,0,0,0,0
Arc.ARAUCANIAN.MAPUDUNGUN_2,Araucanian,0,0,0,1,0,0,0,0,0,0,0,0
Arc.ARAUCANIAN.MAPUDUNGUN_3,Araucanian,0,0,0,1,0,0,0,0,0,0,0,0
WD.WAGAYDY.MARANUNGGU,Western_Daly,0,1,0,0,0,0,0,0,0,0,0,0
PN.NORTHERN_PAMA_NYUNGAN.MARGANY,Pama-Nyungan,0,1,0,0,0,0,0,0,0,0,0,0
Hok.YUMAN.MARICOPA,Cochimi-Yuman,0,0,0,0,0,1,0,0,0,0,0,0
Mar.MARIND_PROPER.MARINDINEESCH,Anim,0,0,0,0,0,1,0,0,0,0,0,0
An.GREATER_CENTRAL_PHILIPPINE.MARINDUQUE_TAGALOG,Austronesian,0,0,1,0,0,0,0,0,0,0,0,0
PN.WESTERN_PAMA_NYUNGAN.MARTUTHUNIRA,Pama-Nyungan,0,1,0,0,0,0,0,0,0,0,0,0
PN.WESTERN_PAMA_NYUNGAN.MARTU_WANGKA,Pama-Nyungan,0,1,0,0,0,0,0,0,0,0,0,0
Mat.MATACOAN.MATACO,Matacoan,0,1,0,0,0,0,0,0,0,0,0,0
An.SOUTH_SULAWESI.MATANANGNGA,Austronesian,0,0,1,0,0,0,0,0,0,0,0,0
Iwa.IWAIDJAN.MAWNG,Iwaidjan_Proper,0,0,1,0,0,0,0,0,0,0,0,0
PN.NORTHERN_PAMA_NYUNGAN.MBABARAM,Pama-Nyungan,0,0,0,1,0,0,0,0,0,0,0,0
Ura.MARI.MEADOW_MARI,Uralic,0,0,0,0,0,0,0,0,0,0,0,1
An.SOUTH_SULAWESI.MEHALAAN,Austronesian,0,0,1,0,0,0,0,0,0,0,0,0
Alg.ALGONQUIAN.MENOMINEE,Algic,0,0,0,0,0,0,0,0,0,0,0,1
An.NORTHWEST_SUMATRA_BARRIER_ISLANDS.MENTAWAI,Austronesian,0,0,1,0,0,0,0,0,0,0,0,0
EBH.EAST_BIRDS_HEAD.MEYAH,East_Bird_s_Head,0,0,0,0,0,0,0,0,1,0,0,0
NDa.LEZGIC.MIKRAKH_LEZGI,Nakh-Daghestanian,0,0,0,0,0,0,1,0,0,0,0,0
An.MALAYO_SUMBAWAN.MINANGKABAU,Austronesian,0,0,1,0,0,0,0,0,0,0,0,0
An.SOUTH_SULAWESI.MINANGNGA,Austronesian,0,0,1,0,0,0,0,0,0,0,0,0
IE.IRANIAN.MIRAN_SHAH_PASHTO,Indo-European,0,0,0,0,0,0,0,0,1,0,0,0
Mis.MISUMALPAN.MISKITO,Misumalpan,0,1,0,0,0,0,0,0,0,0,0,0
Iro.NORTHERN_IROQUOIAN.MOHAWK,Iroquoian,0,0,1,0,0,0,0,0,0,0,0,0
Ura.MORDVIN.MOKSCHA_MORDWINISCH,Uralic,0,0,0,0,0,0,0,0,0,0,0,1
Alt.MONGOLIC.MONGOLIAN,Mongolic,0,0,0,0,0,0,0,0,0,0,0,1
An.GREATER_CENTRAL_PHILIPPINE.MONGONDOW,Austronesian,0,0,1,0,0,0,0,0,0,0,0,0
An.OCEANIC.MOORIORI,Austronesian,0,0,0,0,0,0,0,0,0,0,0,1
PN.NORTHERN_PAMA_NYUNGAN.MPAKWITHI_ANGUTHIMRI,Pama-Nyungan,0,1,0,0,0,0,0,0,0,0,0,0
ND.NORTHERN_DALY.MULLUKMULLUK,Northern_Daly,0,0,0,0,0,0,1,0,0,0,0,0
An.CELEBIC.MUNA,Austronesian,0,0,1,0,0,0,0,0,0,0,0,0
AuA.MUNDA.MUNDARI,Austroasiatic,0,0,0,0,0,0,0,0,0,1,0,0
AuA.MUNDA.MUNDARI_2,Austroasiatic,0,0,0,0,0,0,0,0,0,1,0,0
LSR.LOWER_SEPIK.MURIK,Lower_Sepik-Ramu,0,0,0,0,0,0,0,0,0,0,0,1
ESu.SURMIC.MURLE,Surmic,0,0,0,0,0,0,0,0,0,0,0,1
Brs.BURUSHASKI.MURTAZABAD_HUNZA_BURUSHASKI,Burushaski,0,0,0,0,0,0,0,0,1,0,0,0
PN.SOUTHEASTERN_PAMA_NYUNGAN.MURUWARI,Pama-Nyungan,0,0,0,0,0,0,0,0,0,0,0,1
NC.BANTOID.MWINI,Atlantic-Congo,0,0,1,0,0,0,0,0,0,0,0,0
NC.BANTOID.MWINI_2,Atlantic-Congo,0,0,1,0,0,0,0,0,0,0,0,0
An.GREATER_CENTRAL_PHILIPPINE.NAGA,Austronesian,0,0,0,0,0,0,0,0,0,1,0,0
Nam.NAMBIKUARAN.NAMBIKWARA,Nambiquaran,0,0,0,0,0,1,0,0,0,0,0,0
IE.SLAVIC.NASHTA,Indo-European,1,0,0,0,0,0,0,0,0,0,0,0
NDe.ATHAPASKAN.NAVAHO,Athabaskan-Eyak-Tlingit,0,0,0,0,0,0,0,0,0,0,0,0
NDe.ATHAPASKAN.NAVAJO,Athabaskan-Eyak-Tlingit,0,0,0,0,0,0,0,0,0,0,0,0
Brs.BURUSHASKI.NAZIMABAD_HUNZA_BURUSHASKI,Burushaski,0,0,0,0,0,0,0,0,1,0,0,0
Ura.SAMOYEDIC.NENETS,Uralic,0,1,0,0,0,0,0,0,0,0,0,0
An.OCEANIC.NENGONE,Austronesian,0,0,1,0,0,0,0,0,0,0,0,0
AA.SEMITIC.NEO_ARAMAIC,Afro-Asiatic,0,0,1,0,0,0,0,0,0,0,0,0
Pen.SAHAPTIAN.NEZ_PERCE,Sahaptian,0,0,0,0,0,0,0,0,1,0,0,0
Pen.MAIDUAN.NE_MAIDU,Maiduan,0,0,0,0,0,0,1,0,0,0,0,0
An.CENTRAL_MALAYO_POLYNESIAN.NGADHA,Austronesian,0,0,0,0,0,0,0,0,0,1,0,0
An.CENTRAL_MALAYO_POLYNESIAN.NGAIBOR,Austronesian,0,0,0,0,0,0,0,0,0,1,0,0
An.BARITO.NGAJU_BAAMANG,Austronesian,0,0,1,0,0,0,0,0,0,0,0,0
An.BARITO.NGAJU_OLOH_MANGTANGAI,Austronesian,0,0,1,0,0,0,0,0,0,0,0,0
An.BARITO.NGAJU_PULOPETAK,Austronesian,0,0,1,0,0,0,0,0,0,0,0,0
Gun.NGALAKAN.NGALAKAN,Gunwinyguan,0,0,1,0,0,0,0,0,0,0,0,0
Wor.WORRORRAN.NGARINYIN,Worrorran,0,0,0,0,0,0,1,0,0,0,0,0
An.SOUTH_HALMAHERA_WEST_NEW_GUINEA.NGOFAGITA,Austronesian,0,0,1,0,0,0,0,0,0,0,0,0
An.SOUTH_HALMAHERA_WEST_NEW_GUINEA.NGOFAKIAHA,Austronesian,0,0,1,0,0,0,0,0,0,0,0,0
NC.BANTOID.NGONI_2,Atlantic-Congo,0,0,1,0,0,0,0,0,0,0,0,0
An.NORTHWEST_SUMATRA_BARRIER_ISLANDS.NIAS_NORTHERN,Austronesian,0,0,1,0,0,0,0,0,0,0,0,0
An.NORTHWEST_SUMATRA_BARRIER_ISLANDS.NIAS_SOUTHERN,Austronesian,0,0,1,0,0,0,0,0,0,0,0,0
Yan.YANOMAM.NINAM,Yanomamic,0,0,0,0,0,1,0,0,0,0,0,0
Tor.WAPEI_PALEI.NINGIL,Nuclear_Torricelli,0,1,0,0,0,0,0,0,0,0,0,0
IE.SLAVIC.NINILCHIK_RUSSIAN,Indo-European,0,0,0,0,0,0,0,0,0,0,0,1
May.MAYAN.NORTHERN_MAM_SAN_ILDEFONSO_IXTAHUACAN,Mayan,0,0,0,0,0,0,0,0,0,0,1,1
Pen.MIWOK.NORTHERN_SIERRA_MIWOK,Miwok-Costanoan,0,0,0,0,0,0,1,0,0,0,0,0
IE.INDIC.NORTH_RUSSIAN_ROMANI,Indo-European,0,0,0,0,0,1,0,0,0,0,0,0
Ura.SAAMI.NORTH_SAAMI,Uralic,0,1,0,0,0,0,0,0,0,0,0,0
An.SOUTH_HALMAHERA_WEST_NEW_GUINEA.NUMFOR,Austronesian,0,0,1,0,0,0,0,0,0,0,0,0
Gun.NUNGGUBUYU.NUNGGUBUYU,Gunwinyguan,0,0,1,0,0,0,0,0,0,0,0,0
PN.NORTHERN_PAMA_NYUNGAN.NYAWAYGI,Pama-Nyungan,0,0,0,0,0,0,1,0,0,0,0,0
PN.WESTERN_PAMA_NYUNGAN.NYOONGAR,Pama-Nyungan,0,1,0,0,0,0,0,0,0,0,0,0
PN.WESTERN_PAMA_NYUNGAN.NYUNGA_EASTERN,Pama-Nyungan,0,1,0,0,0,0,0,0,0,0,0,0
PN.WESTERN_PAMA_NYUNGAN.NYUNGA_NORTHERN,Pama-Nyungan,0,1,0,0,0,0,0,0,0,0,0,0
PN.WESTERN_PAMA_NYUNGAN.NYUNGA_SOUTH_WESTERN,Pama-Nyungan,0,1,0,0,0,0,0,0,0,0,0,0
LP.LAKES_PLAIN.OBOKUITAI,Lakes_Plain,0,0,0,0,0,0,0,0,0,0,0,1
IE.ROMANCE.OCCITAN_ARANESE,Indo-European,0,0,0,0,0,0,0,0,0,1,0,0
An.OCEANIC.ONEIBIA_AROSI,Austronesian,0,1,0,0,0,0,0,0,0,0,0,0
Iro.NORTHERN_IROQUOIAN.ONEIDA,Iroquoian,0,0,1,0,0,0,0,0,0,0,0,0
TNG.FINISTERRE_HUON.ONO,Nuclear_Trans_New_Guinea,0,1,0,0,0,0,0,0,0,0,0,0
Alt.TUNGUSIC.OROCH,Tungusic,0,0,0,0,0,1,0,0,0,0,0,0
Alt.TUNGUSIC.OROCHI,Tungusic,0,0,0,0,0,1,0,0,0,0,0,0
An.OCEANIC.PAAMA_FAULILI,Austronesian,1,0,0,0,0,0,0,0,0,0,0,0
An.OCEANIC.PAAMA_LAUL,Austronesian,1,0,0,0,0,0,0,0,0,0,0,0
An.OCEANIC.PAAMA_LIRONESA,Austronesian,1,0,0,0,0,0,0,0,0,0,0,0
An.CELEBIC.PADOE,Austronesian,0,0,1,0,0,0,0,0,0,0,0,0
WP.NORTH_HALMAHERAN.PAGU,North_Halmahera,0,0,1,0,0,0,0,0,0,0,0,0
An.PAIWAN.PAIWAN,Austronesian,0,0,1,0,0,0,0,0,0,0,0,0
CW.CHAPACURA_WANHAN.PAKAANOVA,Chapacuran,0,0,0,0,0,1,0,0,0,0,0,0
AA.SEMITIC.PALESTINIAN_ARABIC,Afro-Asiatic,0,0,0,0,0,0,0,0,0,0,1,1
An.SOUTH_SULAWESI.PALLU,Austronesian,0,0,1,0,0,0,0,0,0,0,0,0
UA.NUMIC.PANAMINT,Uto-Aztecan,0,0,0,0,0,0,1,0,0,0,0,0
Alg.ALGONQUIAN.PASSAMAQUODDY_MALISEET_UnnamedInSource,Algic,0,0,0,0,0,0,0,0,0,0,1,0
An.CENTRAL_MALAYO_POLYNESIAN.PAULOHI,Austronesian,0,0,1,0,0,0,0,0,0,0,0,0
Aru.ARAUAN.PAUMARI,Arawan,1,0,0,0,0,0,0,0,0,0,0,0
NC.BANTOID.PEMBA,Atlantic-Congo,0,0,1,0,0,0,0,0,0,0,0,0
IE.IRANIAN.PERSIAN,Indo-European,0,0,0,0,0,1,0,0,0,0,0,0
PN.WESTERN_PAMA_NYUNGAN.PINTUPI,Pama-Nyungan,0,1,0,0,0,0,0,0,0,0,0,0
Mur.MURA.PIRAHA,Mura-Piraha,0,0,0,0,0,0,0,0,0,0,1,0
PN.CENTRAL_PAMA_NYUNGAN.PITTA_PITTA,Pama-Nyungan,0,1,0,0,0,0,0,0,0,0,0,0
IE.SLAVIC.POLISH,Indo-European,0,0,1,0,0,0,0,0,0,0,0,0
Hok.POMOAN.POMO_EASTERN,Pomoan,0,0,0,1,0,0,0,0,0,0,0,0
May.MAYAN.POQOMCHI_WESTERN,Mayan,0,0,0,0,0,1,0,0,0,0,0,0
IE.ROMANCE.PORTUGUESE,Indo-European,0,0,0,0,0,0,0,0,0,1,0,0
An.LAMPUNGIC.PUBIAN_LAMPUNG_API,Austronesian,0,0,0,0,0,1,0,0,0,0,0,0
Sal.CENTRAL_SALISH.PUGET_SALISH,Salishan,0,0,0,0,0,0,0,0,1,0,0,0
Aym.AYMARAN.PUKI,Aymaran,0,0,1,0,0,0,0,0,0,0,0,0
An.OCEANIC.PULUWATESE,Austronesian,0,0,0,0,0,0,0,0,0,0,0,1
Tar.TARASCAN.PUREPECHA,Tarascan,0,1,0,0,0,0,0,0,0,0,0,0
Tar.TARASCAN.PURHEPECHA,Tarascan,0,1,0,0,0,0,0,0,0,0,0,0
Tar.TARASCAN.PURHEPECHA_2,Tarascan,0,1,0,0,0,0,0,0,0,0,0,0
Que.QUECHUAN.QUECHUA_ABANCAY_TINTAY,Quechuan,0,0,1,0,0,0,0,0,0,0,0,0
Que.QUECHUAN.QUECHUA_AYACUCHO,Quechuan,0,0,1,0,0,0,0,0,0,0,0,0
Que.QUECHUAN.QUECHUA_IMBABURA,Quechuan,0,0,1,0,0,0,0,0,0,0,0,0
May.MAYAN.QUICHE,Mayan,0,0,0,0,0,1,0,0,0,0,0,0
Que.QUECHUAN.QUICHUA_IMBABURA_2,Quechuan,0,0,1,0,0,0,0,0,0,0,0,0
Chi.RAMA.RAMA,Chibchan,0,0,0,0,0,0,0,0,1,0,0,0
An.LAMPUNGIC.RANAU_LAMPUNG_API,Austronesian,0,0,0,0,0,1,0,0,0,0,0,0
ST.BODIC.RANG_PAS,Sino-Tibetan,0,0,0,0,0,0,0,0,0,0,0,1
Arc.ARAUCANIAN.RANQUELCHE,Araucanian,0,0,0,1,0,0,0,0,0,0,0,0
An.SOUTH_SULAWESI.RANTEPALADO,Austronesian,0,0,1,0,0,0,0,0,0,0,0,0
An.OCEANIC.RAPA_NUI,Austronesian,0,0,1,0,0,0,0,0,0,0,0,0
An.SANGIRIC.RATAHAN,Austronesian,0,0,1,0,0,0,0,0,0,0,0,0
PN.WESTERN_PAMA_NYUNGAN.RITHARNGU,Pama-Nyungan,0,1,0,0,0,0,0,0,0,0,0,0
IE.ROMANCE.ROMANIAN,Indo-European,0,0,0,0,0,0,0,0,0,1,0,0
IE.ROMANCE.ROMANIAN_2,Indo-European,0,0,0,0,0,0,0,0,0,1,0,0
IE.ROMANCE.ROMANSH_GRISHUN,Indo-European,0,0,0,0,0,0,0,0,0,1,0,0
IE.ROMANCE.ROMANSH_SURMIRAN,Indo-European,0,0,0,0,0,0,0,0,0,1,0,0
IE.ROMANCE.ROMANSH_SURSILVAN,Indo-European,0,0,0,0,0,0,0,0,0,1,0,0
IE.ROMANCE.ROMANSH_VALLADER,Indo-European,0,0,0,0,0,0,0,0,0,1,0,0
An.OCEANIC.RORO,Austronesian,0,0,0,0,0,0,1,0,0,0,0,0
An.OCEANIC.ROTUMAN,Austronesian,0,0,0,0,0,0,0,0,0,1,0,0
An.OCEANIC.ROTUMAN_2,Austronesian,0,0,0,0,0,0,0,0,0,1,0,0
IE.SLAVIC.RUSSIAN,Indo-European,0,0,0,0,0,0,0,0,0,0,0,1
An.SOUTH_SULAWESI.SADAN,Austronesian,0,0,1,0,0,0,0,0,0,0,0,0
AA.LOWLAND_EAST_CUSHITIC.SAHO,Afro-Asiatic,0,0,0,0,0,0,0,0,1,0,0,0
AA.LOWLAND_EAST_CUSHITIC.SAHO_2,Afro-Asiatic,0,0,0,0,0,0,0,0,1,0,0,0
WP.NORTH_HALMAHERAN.SAHU,North_Halmahera,1,0,0,0,0,0,0,0,0,0,0,0
An.SOUTH_HALMAHERA_WEST_NEW_GUINEA.SAKETA,Austronesian,0,0,1,0,0,0,0,0,0,0,0,0
An.SOUTH_SULAWESI.SALUDENGAN,Austronesian,0,0,1,0,0,0,0,0,0,0,0,0
An.SOUTH_SULAWESI.SALU_HUHU,Austronesian,0,0,1,0,0,0,0,0,0,0,0,0
An.SOUTH_SULAWESI.SALU_MAKA,Austronesian,0,0,1,0,0,0,0,0,0,0,0,0
An.BARITO.SAMIHIM,Austronesian,0,0,1,0,0,0,0,0,0,0,0,0
An.SANGIRIC.SANGIR,Austronesian,0,0,1,0,0,0,0,0,0,0,0,0
An.SANGIRIC.SANGIR_2,Austronesian,0,0,1,0,0,0,0,0,0,0,0,0
Yan.YANOMAM.SANIMA,Yanomamic,0,0,1,0,0,0,0,0,0,0,0,0
Yan.YANOMAM.SANUMA,Yanomamic,0,0,1,0,0,0,0,0,0,0,0,0
AA.SEMITIC.SAN_ANDRES_ARABIC_1,Afro-Asiatic,0,0,0,0,0,0,0,0,0,0,1,0
AA.SEMITIC.SAN_ANDRES_ARABIC_2,Afro-Asiatic,0,0,0,0,0,0,0,0,0,0,1,0
AA.SEMITIC.SAN_ANDRES_ARABIC_3,Afro-Asiatic,0,0,0,0,0,0,0,0,0,0,1,0
An.CENTRAL_MALAYO_POLYNESIAN.SAPOLEWA_SOOW_KWELE_ULUI_SERAM,Austronesian,0,0,1,0,0,0,0,0,0,0,0,0
IE.ROMANCE.SARDINIAN_CAMPIDANESE,Indo-European,0,0,0,0,0,0,0,0,0,1,0,0
An.SOUTH_HALMAHERA_WEST_NEW_GUINEA.SAWAI_UnnamedInSource,Austronesian,0,0,0,0,0,0,0,0,0,1,0,0
AuA.BAHNARIC.SEDANG,Austroasiatic,0,0,0,0,0,1,0,0,0,0,0,0
An.CENTRAL_MALAYO_POLYNESIAN.SELARU,Austronesian,0,0,0,0,0,0,0,0,0,1,0,0
An.SOUTH_SULAWESI.SELAYAR,Austronesian,0,0,1,0,0,0,0,0,0,0,0,0
TNG.FINISTERRE_HUON.SELEPET,Nuclear_Trans_New_Guinea,0,1,0,0,0,0,0,0,0,0,0,0
Ura.SAMOYEDIC.SELKUP,Uralic,0,0,0,0,0,0,1,0,0,0,0,0
AuA.ASLIAN.SEMELAI,Austroasiatic,0,0,0,0,0,1,0,0,0,0,0,0
Iro.NORTHERN_IROQUOIAN.SENECA,Iroquoian,0,0,0,0,0,0,0,0,0,0,1,0
NC.GUR.SENOUFO_SUPYIRE,Atlantic-Congo,0,1,0,0,0,0,0,0,0,0,0,0
Snt.SENTANI.SENTANI,Sentanic,0,0,0,0,0,0,0,0,0,1,0,0
An.SOUTH_SULAWESI.SEPANG,Austronesian,0,0,1,0,0,0,0,0,0,0,0,0
Hok.SERI.SERI,Seri,0,0,0,0,0,0,0,0,0,0,0,1
Pan.PANOAN.SHIPIBO,Pano-Tacanan,0,0,0,0,0,0,1,0,0,0,0,0
Yan.YANOMAM.SHIRISHANA,Yanomamic,0,0,0,0,0,1,0,0,0,0,0,0
An.NORTHWEST_SUMATRA_BARRIER_ISLANDS.SICHULE,Austronesian,0,0,0,0,0,1,0,0,0,0,0,0
LP.LAKES_PLAIN.SIKARITAI,Lakes_Plain,0,0,0,0,0,0,0,0,0,0,0,1
IE.INDIC.SINDHI,Indo-European,0,0,0,0,0,0,0,0,0,0,1,1
An.CELEBIC.SINDUE_TAWAILI,Austronesian,0,0,1,0,0,0,0,0,0,0,0,0
An.OCEANIC.SIO,Austronesian,0,0,0,0,0,0,0,0,0,1,0,0
IE.SLAVIC.SLOVAK,Indo-European,0,1,0,0,0,0,0,0,0,0,0,0
IE.SLAVIC.SLOVENIAN,Indo-European,0,0,0,0,0,0,0,0,0,0,0,1
An.SOUTH_SULAWESI.SODANGAN,Austronesian,0,0,1,0,0,0,0,0,0,0,0,0
Alt.TUNGUSIC.SOLON,Tungusic,0,0,0,0,0,0,0,0,0,1,0,0
An.SOUTH_HALMAHERA_WEST_NEW_GUINEA.SOMA,Austronesian,0,0,1,0,0,0,0,0,0,0,0,0
An.SOUTH_SULAWESI.SOPPENG_BUGINESE,Austronesian,0,0,1,0,0,0,0,0,0,0,0,0
An.OCEANIC.SOUTHEAST_AMBRYM_MAAT,Austronesian,0,0,0,0,0,0,0,0,0,1,0,0
An.OCEANIC.SOUTHEAST_AMBRYM_TOAK,Austronesian,0,0,0,0,0,0,0,0,0,1,0,0
PN.CENTRAL_PAMA_NYUNGAN.SOUTHERN_ARANDA,Pama-Nyungan,0,0,0,1,0,0,0,0,0,0,0,0
An.CENTRAL_MALAYO_POLYNESIAN.SOUTHERN_KAMBERA,Austronesian,0,0,1,0,0,0,0,0,0,0,0,0
May.MAYAN.SOUTHERN_MAM_SAN_JUAN_OSTUNCALCO,Mayan,0,0,0,0,0,0,0,0,0,0,1,1
UA.NUMIC.SOUTHERN_PAIUTE,Uto-Aztecan,0,0,0,1,0,0,0,0,0,0,0,0
UA.TEPIMAN.SOUTHERN_TEPEHUAN,Uto-Aztecan,0,0,0,0,0,0,1,0,0,0,0,0
An.OCEANIC.SOUTHWEST_TANNA_ENFITANA,Austronesian,0,0,0,0,0,0,0,0,0,1,0,0
An.OCEANIC.SOUTHWEST_TANNA_IKITI,Austronesian,0,0,0,0,0,0,0,0,0,1,0,0
An.OCEANIC.SOUTHWEST_TANNA_IKIYAU,Austronesian,0,0,0,0,0,0,0,0,0,1,0,0
An.OCEANIC.SOUTHWEST_TANNA_IMREANG,Austronesian,0,0,0,0,0,0,0,0,0,1,0,0
An.OCEANIC.SOUTHWEST_TANNA_LAPWANGTOAI,Austronesian,0,0,0,0,0,0,0,0,0,1,0,0
An.OCEANIC.SOUTH_ISLAND_MAORI,Austronesian,0,0,0,0,0,0,0,0,0,0,0,1
IE.ROMANCE.SPANISH,Indo-European,0,0,0,0,0,0,0,0,0,1,0,0
Sal.INTERIOR_SALISH.SPOKANE,Salishan,0,0,0,0,0,0,0,0,1,0,0,0
Sal.CENTRAL_SALISH.SQUAMISH,Salishan,0,0,1,0,0,0,0,0,0,0,0,0
IE.GERMANIC.STANDARD_GERMAN,Indo-European,0,0,0,0,0,0,0,0,0,0,1,0
An.PAIWAN.STIMUL_PAIWAN,Austronesian,0,0,1,0,0,0,0,0,0,0,0,0
EA.ESKIMO.ST_LAWRENCE_YUPIK,Eskimo-Aleut,0,0,0,0,0,0,0,0,1,0,0,0
An.LAMPUNGIC.SUKAU_LAMPUNG_API,Austronesian,0,0,0,0,0,1,0,0,0,0,0,0
Aym.AYMARAN.SULLKATITI_TITIRI,Aymaran,0,0,1,0,0,0,0,0,0,0,0,0
An.MALAYO_SUMBAWAN.SUNDANESE,Austronesian,0,0,0,0,0,0,0,0,0,1,0,0
An.LAMPUNGIC.SUNGKAI_LAMPUNG_API,Austronesian,0,0,0,0,0,1,0,0,0,0,0,0
TNG.MADANG.SUROI,Nuclear_Trans_New_Guinea,0,0,0,1,0,0,0,0,0,0,0,0
NC.BANTOID.SWAHILI,Atlantic-Congo,0,0,1,0,0,0,0,0,0,0,0,0
NC.BANTOID.SWAHILI_2,Atlantic-Congo,0,0,1,0,0,0,0,0,0,0,0,0
NC.BANTOID.SWAHILI_CHIRAZI,Atlantic-Congo,0,0,1,0,0,0,0,0,0,0,0,0
NC.BANTOID.SWAHILI_MAKUNDUCHI,Atlantic-Congo,0,0,1,0,0,0,0,0,0,0,0,0
NC.BANTOID.SWAHILI_MVITA,Atlantic-Congo,0,0,1,0,0,0,0,0,0,0,0,0
NC.BANTOID.SWAHILI_PATE,Atlantic-Congo,0,0,1,0,0,0,0,0,0,0,0,0
NC.BANTOID.SWAHILI_PEMBA,Atlantic-Congo,0,0,1,0,0,0,0,0,0,0,0,0
NC.BANTOID.SWAHILI_SUD,Atlantic-Congo,0,0,1,0,0,0,0,0,0,0,0,0
NC.BANTOID.SWAHILI_TIKUU,Atlantic-Congo,0,0,1,0,0,0,0,0,0,0,0,0
NC.BANTOID.SWAHILI_VUMBA,Atlantic-Congo,0,0,1,0,0,0,0,0,0,0,0,0
IE.GERMANIC.SWEDISH,Indo-European,0,0,0,0,0,0,0,0,0,0,1,0
AA.SEMITIC.SYRIAN_ARABIC,Afro-Asiatic,0,0,0,0,0,0,0,0,0,0,1,0
Pen.MIWOK.S_SIERRA_MIWOK,Miwok-Costanoan,0,0,0,0,0,0,1,0,0,0,0,0
WP.NORTH_HALMAHERAN.TABARU,North_Halmahera,0,0,1,0,0,0,0,0,0,0,0,0
Snt.SENTANI.TABLA,Sentanic,0,0,0,0,0,0,0,0,0,0,1,0
Snt.SENTANI.TABLA_C,Sentanic,0,0,0,0,0,0,0,0,0,0,1,0
Snt.SENTANI.TABLA_UNKNOWN_DIAL,Sentanic,0,0,0,0,0,0,0,0,0,0,1,0
Snt.SENTANI.TABLA_W,Sentanic,0,0,0,0,0,0,0,0,0,0,1,0
An.SOUTH_SULAWESI.TABULAHAN_CAMPBELL,Austronesian,0,0,1,0,0,0,0,0,0,0,0,0
An.SOUTH_SULAWESI.TABULAHAN_MCKENZIE,Austronesian,0,0,1,0,0,0,0,0,0,0,0,0
Tac.TACANAN.TACANA,Pano-Tacanan,0,0,1,0,0,0,0,0,0,0,0,0
An.GREATER_CENTRAL_PHILIPPINE.TAGALOG,Austronesian,0,0,1,0,0,0,0,0,0,0,0,0
An.SOUTH_HALMAHERA_WEST_NEW_GUINEA.TAHANE,Austronesian,0,0,1,0,0,0,0,0,0,0,0,0
An.OCEANIC.TAHITIAN,Austronesian,0,0,0,0,0,0,0,0,0,0,0,1
An.OCEANIC.TAHITIAN_2,Austronesian,0,0,0,0,0,0,0,0,0,0,0,1
IE.IRANIAN.TAJIK,Indo-European,0,0,0,0,0,1,0,0,0,0,0,0
An.LAMPUNGIC.TALANG_PADANG_LAMPUNG_API,Austronesian,0,0,0,0,0,1,0,0,0,0,0,0
An.SANGIRIC.TALAUD,Austronesian,0,0,1,0,0,0,0,0,0,0,0,0
AA.BERBER.TAMAZIGHT_CENTRAL_ATLAS_AYT_IZDEG,Afro-Asiatic,0,0,0,0,0,1,0,0,0,0,0,0
AA.BERBER.TAMAZIGHT_CENTRAL_ATLAS_AYT_NDHIR,Afro-Asiatic,0,0,0,0,0,1,0,0,0,0,0,0
AA.BERBER.TAMAZIGHT_CENTRAL_ATLAS_NTIFA,Afro-Asiatic,0,0,0,0,0,1,0,0,0,0,0,0
An.SOUTH_SULAWESI.TANETE,Austronesian,0,0,1,0,0,0,0,0,0,0,0,0
TNG.DANI.TANGMA_DANI,Nuclear_Trans_New_Guinea,0,0,0,0,0,1,0,0,0,0,0,0
An.SOUTH_SULAWESI.TAORA,Austronesian,0,0,1,0,0,0,0,0,0,0,0,0
An.CELEBIC.TARA,Austronesian,0,0,1,0,0,0,0,0,0,0,0,0
An.CENTRAL_MALAYO_POLYNESIAN.TARANGAN_BARAT_FERUNI,Austronesian,0,0,0,0,0,0,0,0,0,1,0,0
Tar.TARASCAN.TARASCAN,Tarascan,0,1,0,0,0,0,0,0,0,0,0,0
AA.BERBER.TASHELHIT_IDA_USEMLAL,Afro-Asiatic,0,0,0,0,0,1,0,0,0,0,0,0
An.SOUTH_SULAWESI.TAUPE,Austronesian,0,0,1,0,0,0,0,0,0,0,0,0
An.OCEANIC.TAWALA,Austronesian,0,0,1,0,0,0,0,0,0,0,0,0
Chn.CHON_PROPER.TEHUELCHE,Chonan,0,1,0,0,0,0,0,0,0,0,0,0
An.CENTRAL_MALAYO_POLYNESIAN.TERMANU,Austronesian,0,0,1,0,0,0,0,0,0,0,0,0
UA.AZTECAN.TETELCINGO_NAHUATL,Uto-Aztecan,0,0,1,0,0,0,0,0,0,0,0,0
PN.SOUTHEASTERN_PAMA_NYUNGAN.THURAWAL,Pama-Nyungan,0,0,0,0,0,0,1,0,0,0,0,0
ST.BODIC.TIBETAN_CENTRAL,Sino-Tibetan,0,0,0,0,0,0,0,0,0,0,0,1
ST.BODIC.TIBETAN_LHASA,Sino-Tibetan,0,0,0,0,0,0,0,0,0,0,0,1
ST.BODIC.TIBETAN_WRITTEN,Sino-Tibetan,0,0,0,0,0,0,0,0,0,0,0,1
An.OCEANIC.TIGAK,Austronesian,0,1,0,0,0,0,0,0,0,0,0,0
NC.BANTOID.TIKUU,Atlantic-Congo,0,0,1,0,0,0,0,0,0,0,0,0
NC.BANTOID.TIKUU_PATE,Atlantic-Congo,0,0,1,0,0,0,0,0,0,0,0,0
Tim.TIMUCUA.TIMUCUA,Timucua,0,1,0,0,0,0,0,0,0,0,0,0
Hok.YUMAN.TIPAI,Cochimi-Yuman,0,0,0,0,0,0,0,0,0,1,0,0
An.BILIC.TIRURAY,Austronesian,1,0,0,0,0,0,0,0,0,0,0,0
Tiw.TIWIAN.TIWI,Tiwi,0,0,1,0,0,0,0,0,0,0,0,0
An.PAIWAN.TJUBAR_PAIWAN,Austronesian,0,0,1,0,0,0,0,0,0,0,0,0
An.NORTHWEST_SUMATRA_BARRIER_ISLANDS.TOBA_BATAK,Austronesian,0,0,1,0,0,0,0,0,0,0,0,0
WP.NORTH_HALMAHERAN.TOBELO_2,North_Halmahera,0,0,0,0,0,0,0,0,0,1,0,0
An.OCEANIC.TOLAI,Austronesian,0,0,0,1,0,0,0,0,0,0,0,0
An.MINAHASAN.TONDANO,Austronesian,0,0,0,0,0,0,0,0,0,0,1,0
An.OCEANIC.TONGAN,Austronesian,0,0,0,0,0,0,0,0,0,1,0,0
An.OCEANIC.TONGAN_2,Austronesian,0,0,0,0,0,0,0,0,0,1,0,0
An.MINAHASAN.TONTEMBOAN,Austronesian,0,0,0,0,0,0,0,0,0,1,0,0
AA.SEMITIC.TRIPOLI_JEWISH_ARABIC,Afro-Asiatic,0,0,0,0,0,0,0,0,0,0,1,0
Tru.TRUMAI.TRUMAI,Trumai,0,0,0,0,0,1,0,0,0,0,0,0
NDa.LEZGIC.TSAKHUR,Nakh-Daghestanian,0,0,0,0,0,1,0,0,0,0,0,0
Ura.MARI.TSCHEREMISSISCH_KOZMODEMJANSK,Uralic,0,0,0,0,0,0,0,0,0,0,1,1
Ura.MARI.TSCHEREMISSISCH_URZUM,Uralic,0,0,0,0,0,0,0,0,0,0,0,1
An.OCEANIC.TUAMOTUAN,Austronesian,0,0,1,0,0,0,0,0,0,0,0,0
UA.CALIFORNIA_UTO_AZTECAN.TUBATULABAL,Uto-Aztecan,0,0,0,0,0,1,0,0,0,0,0,0
UA.NUMIC.TUMPISA,Uto-Aztecan,0,0,0,0,0,0,1,0,0,0,0,0
Tun.TUNICA.TUNICA,Tunica,0,1,0,0,0,0,0,0,0,0,0,0
Alt.TURKIC.TURKISH,Turkic,0,0,0,0,0,0,0,0,0,0,0,1
Alt.TURKIC.TURKISH_2,Turkic,0,0,0,0,0,0,0,0,0,0,0,1
May.MAYAN.TZOTZIL_HUIXTAN,Mayan,0,1,0,0,0,0,0,0,0,0,0,0
May.MAYAN.TZOTZIL_SAN_ANDRES,Mayan,0,1,0,0,0,0,0,0,0,0,0,0
May.MAYAN.TZOTZIL_VENUSTIANO_CARRANZA,Mayan,0,1,0,0,0,0,0,0,0,0,0,0
An.CENTRAL_MALAYO_POLYNESIAN.UAB_METO,Austronesian,0,0,1,0,0,0,0,0,0,0,0,0
An.OCEANIC.ULITHIAN,Austronesian,0,0,0,0,0,0,0,0,1,0,0,0
An.CELEBIC.UMA,Austronesian,0,0,1,0,0,0,0,0,0,0,0,0
An.CENTRAL_MALAYO_POLYNESIAN.UMBU_RATU_NGGAI_KAMBERA,Austronesian,0,0,1,0,0,0,0,0,0,0,0,0
Alg.ALGONQUIAN.UNAMI_UnnamedInSource,Algic,0,0,0,0,0,0,0,0,0,0,1,0
TNG.DANI.UPPER_PYRAMID_DANI,Nuclear_Trans_New_Guinea,0,0,0,0,0,1,0,0,0,0,0,0
AA.SEMITIC.URMI,Afro-Asiatic,0,0,1,0,0,0,0,0,0,0,0,0
Tup.TUPI_GUARANI.URUBU_KAAPOR,Tupian,0,0,0,0,0,1,0,0,0,0,0,0
UA.NUMIC.UTE_1,Uto-Aztecan,0,0,0,1,0,0,0,0,0,0,0,0
UA.NUMIC.UTE_2,Uto-Aztecan,0,0,0,1,0,0,0,0,0,0,0,0
UA.NUMIC.UTE_SOUTHERN_PAIUTE,Uto-Aztecan,0,0,0,1,0,0,0,0,0,0,0,0
Brs.BURUSHASKI.UYUM_NAGAR_BURUSHASKI,Burushaski,0,0,0,0,0,0,0,0,1,0,0,0
Alt.TURKIC.UZBEK,Turkic,0,0,0,0,0,1,0,0,0,0,0,0
IE.ROMANCE.VALENCIAN,Indo-European,0,0,0,0,0,0,0,0,0,1,0,0
Ura.FINNIC.VOTIC,Uralic,0,1,0,0,0,0,0,0,0,0,0,0
NC.BANTOID.VUMBA,Atlantic-Congo,0,0,1,0,0,0,0,0,0,0,0,0
PN.WESTERN_PAMA_NYUNGAN.WALMAJARRI,Pama-Nyungan,0,1,0,0,0,0,0,0,0,0,0,0
Mir.WAMBAYAN.WAMBAYA,Mirndi,0,0,0,0,0,0,1,0,0,0,0,0
TNG.AWJU_DUMUT.WAMBON,Nuclear_Trans_New_Guinea,0,0,1,0,0,0,0,0,0,0,0,0
IE.IRANIAN.WANA_PASHTO,Indo-European,0,0,0,0,0,0,0,0,1,0,0,0
PN.SOUTHEASTERN_PAMA_NYUNGAN.WANGAAYBUWAN_NGIYAMBAA,Pama-Nyungan,0,0,0,0,0,0,0,0,0,0,0,1
PN.WESTERN_PAMA_NYUNGAN.WANGKA_WIRU,Pama-Nyungan,0,1,0,0,0,0,0,0,0,0,0,0
TNG.MADANG.WANUMA,Nuclear_Trans_New_Guinea,0,0,0,0,0,0,0,0,1,0,0,0
Wao.WAORANI.WAORANI,Waorani,0,1,0,0,0,0,0,0,0,0,0,0
War.WARAO.WARAO,Warao,0,0,1,0,0,0,0,0,0,0,0,0
Yng.YANGMANIC.WARDAMAN,Yangmanic,0,0,1,0,0,0,0,0,0,0,0,0
PN.NORTHERN_PAMA_NYUNGAN.WARGAMAY,Pama-Nyungan,0,0,0,0,0,0,1,0,0,0,0,0
PN.WESTERN_PAMA_NYUNGAN.WARLPIRI,Pama-Nyungan,0,1,0,0,0,0,0,0,0,0,0,0
An.LAMPUNGIC.WAY_KANAN_LAMPUNG_API,Austronesian,0,0,0,0,0,1,0,0,0,0,0,0
An.LAMPUNGIC.WAY_LIMA_LAMPUNG_API,Austronesian,0,0,0,0,0,1,0,0,0,0,0,0
IE.CELTIC.WELSH,Indo-European,0,0,1,0,0,0,0,0,0,0,0,0
IE.ARMENIAN.WESTERN_ARMENIAN,Indo-European,0,0,0,0,0,0,0,0,0,0,0,1
PN.CENTRAL_PAMA_NYUNGAN.WESTERN_ARRERNTE,Pama-Nyungan,0,0,0,1,0,0,0,0,0,0,0,0
May.MAYAN.WESTERN_QUICHE_MOMOSTENANGO,Mayan,0,0,0,0,0,1,0,0,0,0,0,0
May.MAYAN.WESTERN_QUICHE_SANTA_CATARINA_IXTAHUACAN,Mayan,0,0,0,0,0,1,0,0,0,0,0,0
May.MAYAN.WESTERN_QUICHE_TOTONICAPAN,Mayan,0,0,0,0,0,1,0,0,0,0,0,0
EA.ESKIMO.WEST_GREENLANDIC,Eskimo-Aleut,0,0,0,0,0,1,0,0,0,0,0,0
An.OCEANIC.WEST_KARA,Austronesian,0,0,0,0,0,0,0,0,0,0,0,1
Cad.CADDOAN.WICHITA,Caddoan,0,0,0,0,0,0,0,0,0,0,0,1
Cad.CADDOAN.WICHITA_2,Caddoan,0,0,0,0,0,0,0,0,0,0,0,1
Mat.MATACOAN.WICHI_LHAMTES_GUISNAY,Matacoan,0,1,0,0,0,0,0,0,0,0,0,0
Sio.CORE_SIOUAN.WINNEBAGO,Siouan,0,0,0,0,1,0,0,0,0,0,0,0
Alg.WIYOT.WIYOT,Algic,0,0,0,0,0,0,0,0,0,0,0,1
An.CELEBIC.WOLIO,Austronesian,0,0,0,0,0,0,0,0,0,1,0,0
An.SOUTH_HALMAHERA_WEST_NEW_GUINEA.WOSI,Austronesian,0,0,1,0,0,0,0,0,0,0,0,0
An.CENTRAL_MALAYO_POLYNESIAN.YAMDENA,Austronesian,0,0,1,0,0,0,0,0,0,0,0,0
Hok.YANA.YANA,Yana,0,0,0,0,0,0,0,0,0,0,0,1
Yan.YANOMAM.YANAM,Yanomamic,0,0,0,0,0,1,0,0,0,0,0,0
Yan.YANOMAM.YANAM_2,Yanomamic,0,0,0,0,0,1,0,0,0,0,0,0
PN.WESTERN_PAMA_NYUNGAN.YANYUWA,Pama-Nyungan,0,0,1,0,0,0,0,0,0,0,0,0
An.YAPESE.YAPESE,Austronesian,0,0,0,0,0,0,0,0,0,1,0,0
UA.CAHITA.YAQUI,Uto-Aztecan,0,1,0,0,0,0,0,0,0,0,0,0
UA.CAHITA.YAQUI_2,Uto-Aztecan,0,1,0,0,0,0,0,0,0,0,0,0
Yel.YELE.YELETNYE,Yeli_Dnye,0,1,0,0,0,0,0,0,0,0,0,0
PN.NORTHERN_PAMA_NYUNGAN.YIDINY,Pama-Nyungan,0,0,0,0,0,0,0,0,0,0,0,1
Tor.WAPEI_PALEI.YIL,Nuclear_Torricelli,0,0,0,0,0,0,1,0,0,0,0,0
LSR.LOWER_SEPIK.YIMAS,Lower_Sepik-Ramu,0,1,0,0,0,0,0,0,0,0,0,0
LSR.LOWER_SEPIK.YIMAS_2,Lower_Sepik-Ramu,0,1,0,0,0,0,0,0,0,0,0,0
PN.WESTERN_PAMA_NYUNGAN.YINDJIBARNDI,Pama-Nyungan,0,0,0,0,0,0,1,0,0,0,0,0
Tor.WAPEI_PALEI.YIR,Nuclear_Torricelli,0,0,0,0,0,0,1,0,0,0,0,0
An.JAVANESE.YOGYAKARTA,Austronesian,0,0,0,0,0,0,0,0,0,1,0,0
Pen.YOKUTS.YOKUTS_TINLINNEH,Yokutsan,0,0,1,0,0,0,0,0,0,0,0,0
Pen.YOKUTS.YOKUTS_UNKNOWN,Yokutsan,0,0,1,0,0,0,0,0,0,0,0,0
PN.WESTERN_PAMA_NYUNGAN.YOLNGUMATHA,Pama-Nyungan,0,1,0,0,0,0,0,0,0,0,0,0
Yuc.YUCHI.YUCHI,Yuchi,0,0,0,0,0,0,0,0,1,0,0,0
PN.WESTERN_PAMA_NYUNGAN.YULPARIJA,Pama-Nyungan,0,1,0,0,0,0,0,0,0,0,0,0
Hok.YUMAN.YUMA,Cochimi-Yuman,0,0,0,0,0,1,0,0,0,0,0,0
EA.ESKIMO.YUPIK_CENTRAL_SIBERIAN_CHAPLINO,Eskimo-Aleut,0,0,0,0,0,0,0,0,1,0,0,0
May.MAYAN.ZINACANTAN_TZOTZIL,Mayan,0,1,0,0,0,0,0,0,0,0,0,0
NC.BANTOID.ZOOMBO_1,Atlantic-Congo,0,1,0,0,0,0,0,0,0,0,0,0
NC.BANTOID.ZOOMBO_2,Atlantic-Congo,0,1,0,0,0,0,0,0,0,0,0,0
NC.BANTOID.ZOOMBO_3,Atlantic-Congo,0,1,0,0,0,0,0,0,0,0,0,0
NC.BANTOID.ZOOMBO_4,Atlantic-Congo,0,1,0,0,0,0,0,0,0,0,0,0
NC.BANTOID.ZULU,Atlantic-Congo,0,0,1,0,0,0,0,0,0,0,0,0
NC.BANTOID.ZULU_2,Atlantic-Congo,0,0,1,0,0,0,0,0,0,0,0,0
NC.BANTOID.ZULU_NKANDLA,Atlantic-Congo,0,0,1,0,0,0,0,0,0,0,0,0
Zun.ZUNI.ZUNI,Zuni,0,1,0,0,0,0,0,0,0,0,0,0
